,query_id,doc_id,doc_score,ktau,doc_rel,top_feat
0,401,FBIS3-20090,9.290847,0.9999999999999998,1,5
1,401,FBIS3-20090,9.290847,0.9991726521880798,1,10
2,401,FBIS3-20090,9.290847,0.9230878251036563,1,15
3,401,FBIS3-20090,9.290847,0.8989064411697832,1,20
4,401,FBIS3-20090,9.290847,0.9199972268441485,1,25
5,401,FBIS3-20090,9.290847,0.9135240584622308,1,30
6,401,FBIS4-18372,9.083562,0.9999999999999998,0,5
7,401,FBIS4-18372,9.083562,0.9648845686512757,0,10
8,401,FBIS4-18372,9.083562,0.9129161967575078,0,15
9,401,FBIS4-18372,9.083562,0.9290706520273003,0,20
10,401,FBIS4-18372,9.083562,0.9397144941127434,0,25
11,401,FBIS4-18372,9.083562,0.9190820673579295,0,30
12,401,FT924-4470,8.691005,0.9999999999999999,1,5
13,401,FT924-4470,8.691005,0.9340563508748512,1,10
14,401,FT924-4470,8.691005,0.9467481415912359,1,15
15,401,FT924-4470,8.691005,0.9373365454411564,1,20
16,401,FT924-4470,8.691005,0.9203604503964287,1,25
17,401,FT924-4470,8.691005,0.9214630828080081,1,30
18,401,FT941-4506,9.233107,0.9999999999999998,0,5
19,401,FT941-4506,9.233107,0.9014900142481101,0,10
20,401,FT941-4506,9.233107,0.7612239210065298,0,15
21,401,FT941-4506,9.233107,0.6781087158065239,0,20
22,401,FT941-4506,9.233107,0.7645416757821044,0,25
23,401,FT941-4506,9.233107,0.8015311004784689,0,30
24,401,LA022790-0091,9.807556,0.9999999999999998,0,5
25,401,LA022790-0091,9.807556,0.9525245995834228,0,10
26,401,LA022790-0091,9.807556,0.8444912398921833,0,15
27,401,LA022790-0091,9.807556,0.7357174143412221,0,20
28,401,LA022790-0091,9.807556,0.6703692564745195,0,25
29,401,LA022790-0091,9.807556,0.6786074444227036,0,30
30,402,LA020789-0112,9.914637,0.9999999999999998,0,5
31,402,LA020789-0112,9.914637,0.9902490013812669,0,10
32,402,LA020789-0112,9.914637,0.9554750932631116,0,15
33,402,LA020789-0112,9.914637,0.9244613057032826,0,20
34,402,LA020789-0112,9.914637,0.945428176249753,0,25
35,402,LA020789-0112,9.914637,0.9267443556191916,0,30
36,402,LA030690-0022,9.987107,0.9999999999999998,0,5
37,402,LA030690-0022,9.987107,0.9996663329996663,0,10
38,402,LA030690-0022,9.987107,0.9661373516880659,0,15
39,402,LA030690-0022,9.987107,0.9144650419151326,0,20
40,402,LA030690-0022,9.987107,0.9400225082647534,0,25
41,402,LA030690-0022,9.987107,0.9368595464792341,0,30
42,402,LA072489-0053,10.390393,0.9999999999999998,0,5
43,402,LA072489-0053,10.390393,0.9590326260552132,0,10
44,402,LA072489-0053,10.390393,0.9223334801546517,0,15
45,402,LA072489-0053,10.390393,0.9171355190598492,0,20
46,402,LA072489-0053,10.390393,0.8748328131966117,0,25
47,402,LA072489-0053,10.390393,0.9059972683885027,0,30
48,402,LA100890-0105,9.990089,0.9999999999999998,0,5
49,402,LA100890-0105,9.990089,0.9866421270734219,0,10
50,402,LA100890-0105,9.990089,0.90412567036865,0,15
51,402,LA100890-0105,9.990089,0.97877410109432,0,20
52,402,LA100890-0105,9.990089,0.8829042510925704,0,25
53,402,LA100890-0105,9.990089,0.8695998423023852,0,30
54,402,LA101290-0115,11.674699,0.9999999999999999,1,5
55,402,LA101290-0115,11.674699,0.9692471614557319,1,10
56,402,LA101290-0115,11.674699,0.9228568375089695,1,15
57,402,LA101290-0115,11.674699,0.9185254265776732,1,20
58,402,LA101290-0115,11.674699,0.8907750900669068,1,25
59,402,LA101290-0115,11.674699,0.9141007186573689,1,30
60,403,FR940525-1-00062,9.441388,0.9999999999999998,1,5
61,403,FR940525-1-00062,9.441388,0.9985955786736019,1,10
62,403,FR940525-1-00062,9.441388,0.9496347172500932,1,15
63,403,FR940525-1-00062,9.441388,0.9135319402853133,1,20
64,403,FR940525-1-00062,9.441388,0.9207797142752748,1,25
65,403,FR940525-1-00062,9.441388,0.9035762152149966,1,30
66,403,FR940525-1-00078,9.323615,0.9999999999999999,1,5
67,403,FR940525-1-00078,9.323615,0.9848285427192571,1,10
68,403,FR940525-1-00078,9.323615,0.9549042800192755,1,15
69,403,FR940525-1-00078,9.323615,0.8842811448510779,1,20
70,403,FR940525-1-00078,9.323615,0.9105761225096638,1,25
71,403,FR940525-1-00078,9.323615,0.9196632420091325,1,30
72,403,LA030689-0082,10.093675,0.9999999999999998,0,5
73,403,LA030689-0082,10.093675,0.9904190266858285,0,10
74,403,LA030689-0082,10.093675,0.9625905670803186,0,15
75,403,LA030689-0082,10.093675,0.9658715782702173,0,20
76,403,LA030689-0082,10.093675,0.9228574365299619,0,25
77,403,LA030689-0082,10.093675,0.9465729266699505,0,30
78,403,LA071290-0133,9.441388,0.9999999999999998,1,5
79,403,LA071290-0133,9.441388,0.9807291842546629,1,10
80,403,LA071290-0133,9.441388,0.9861686754167722,1,15
81,403,LA071290-0133,9.441388,0.9713035323538606,1,20
82,403,LA071290-0133,9.441388,0.9541959979476654,1,25
83,403,LA071290-0133,9.441388,0.9355540346380864,1,30
84,403,LA083089-0024,9.708849,0.9999999999999998,0,5
85,403,LA083089-0024,9.708849,0.9796950519373013,0,10
86,403,LA083089-0024,9.708849,0.9613477655438739,0,15
87,403,LA083089-0024,9.708849,0.8850168790097648,0,20
88,403,LA083089-0024,9.708849,0.9624664279319605,0,25
89,403,LA083089-0024,9.708849,0.9004990638000248,0,30
90,404,FBIS4-14340,11.890872,0.9999999999999998,0,5
91,404,FBIS4-14340,11.890872,0.9457801225418357,0,10
92,404,FBIS4-14340,11.890872,0.921531388951692,0,15
93,404,FBIS4-14340,11.890872,0.9253793346241859,0,20
94,404,FBIS4-14340,11.890872,0.9113111420314673,0,25
95,404,FBIS4-14340,11.890872,0.9030166488277459,0,30
96,404,FT934-17378,10.673793,0.9999999999999998,0,5
97,404,FT934-17378,10.673793,0.8902541422299137,0,10
98,404,FT934-17378,10.673793,0.7982878280782104,0,15
99,404,FT934-17378,10.673793,0.7961751954945099,0,20
100,404,FT934-17378,10.673793,0.7574188034188033,0,25
101,404,FT934-17378,10.673793,0.6794488716764727,0,30
102,404,FT934-17386,11.085657,0.9999999999999998,0,5
103,404,FT934-17386,11.085657,0.94599842935675,0,10
104,404,FT934-17386,11.085657,0.9207970928154414,0,15
105,404,FT934-17386,11.085657,0.9577716010639888,0,20
106,404,FT934-17386,11.085657,0.9183395656279508,0,25
107,404,FT934-17386,11.085657,0.9230811885580297,0,30
108,404,FT934-8237,10.767681,0.9997914929107588,0,5
109,404,FT934-8237,10.767681,0.9091287853869261,0,10
110,404,FT934-8237,10.767681,0.9348332957591243,0,15
111,404,FT934-8237,10.767681,0.9180282319877364,0,20
112,404,FT934-8237,10.767681,0.8876770911160919,0,25
113,404,FT934-8237,10.767681,0.9171147194638237,0,30
114,404,FT934-9649,10.700646,0.9999999999999999,0,5
115,404,FT934-9649,10.700646,0.9687695749440715,0,10
116,404,FT934-9649,10.700646,0.9520523397517038,0,15
117,404,FT934-9649,10.700646,0.944840417764172,0,20
118,404,FT934-9649,10.700646,0.9549391059486095,0,25
119,404,FT934-9649,10.700646,0.9305018861755745,0,30
120,405,FBIS3-40213,10.533146,0.9999999999999998,0,5
121,405,FBIS3-40213,10.533146,0.9797036243527941,0,10
122,405,FBIS3-40213,10.533146,0.8806168901551515,0,15
123,405,FBIS3-40213,10.533146,0.9348864797566333,0,20
124,405,FBIS3-40213,10.533146,0.922582270863891,0,25
125,405,FBIS3-40213,10.533146,0.9135644206661107,0,30
126,405,FBIS3-42549,12.6898575,0.9999999999999999,0,5
127,405,FBIS3-42549,12.6898575,0.9965916489738144,0,10
128,405,FBIS3-42549,12.6898575,0.9543293311285259,0,15
129,405,FBIS3-42549,12.6898575,0.9311804008908686,0,20
130,405,FBIS3-42549,12.6898575,0.9461355443403028,0,25
131,405,FBIS3-42549,12.6898575,0.9061701930787737,0,30
132,405,FBIS3-42550,10.375032,0.9999999999999998,0,5
133,405,FBIS3-42550,10.375032,0.9747244930343522,0,10
134,405,FBIS3-42550,10.375032,0.9080642294246608,0,15
135,405,FBIS3-42550,10.375032,0.9490380610792364,0,20
136,405,FBIS3-42550,10.375032,0.8551632329635498,0,25
137,405,FBIS3-42550,10.375032,0.8683443209455961,0,30
138,405,FBIS3-59742,11.0759945,0.9999999999999998,0,5
139,405,FBIS3-59742,11.0759945,0.9425907425907425,0,10
140,405,FBIS3-59742,11.0759945,0.9372414139890382,0,15
141,405,FBIS3-59742,11.0759945,0.9152157889022849,0,20
142,405,FBIS3-59742,11.0759945,0.9091859634076613,0,25
143,405,FBIS3-59742,11.0759945,0.8957057135917721,0,30
144,405,LA012289-0002,10.119149,0.9999999999999998,0,5
145,405,LA012289-0002,10.119149,0.9616735619607707,0,10
146,405,LA012289-0002,10.119149,0.969174964924888,0,15
147,405,LA012289-0002,10.119149,0.9139827664595467,0,20
148,405,LA012289-0002,10.119149,0.9161366512020244,0,25
149,405,LA012289-0002,10.119149,0.9406013912783304,0,30
150,406,FT922-4560,13.775206,0.971241012816505,0,5
151,406,FT922-4560,13.775206,0.9995433285456485,0,10
152,406,FT922-4560,13.775206,0.9943894389438944,0,15
153,406,FT922-4560,13.775206,0.9530791714803382,0,20
154,406,FT922-4560,13.775206,0.8927669798051253,0,25
155,406,FT922-4560,13.775206,0.8927669798051253,0,30
156,406,LA051790-0095,13.43512,0.9999999999999998,1,5
157,406,LA051790-0095,13.43512,0.985188495388473,1,10
158,406,LA051790-0095,13.43512,0.9786254509495119,1,15
159,406,LA051790-0095,13.43512,0.894422117852128,1,20
160,406,LA051790-0095,13.43512,0.9305677498467196,1,25
161,406,LA051790-0095,13.43512,0.9504705386614228,1,30
162,406,LA080489-0045,13.305286,0.9999999999999998,1,5
163,406,LA080489-0045,13.305286,0.9924757310895923,1,10
164,406,LA080489-0045,13.305286,0.9315455584802319,1,15
165,406,LA080489-0045,13.305286,0.9436849036274393,1,20
166,406,LA080489-0045,13.305286,0.927718181460961,1,25
167,406,LA080489-0045,13.305286,0.9302457932826959,1,30
168,406,LA111589-0149,13.344221,0.9999999999999998,0,5
169,406,LA111589-0149,13.344221,0.9761942051683632,0,10
170,406,LA111589-0149,13.344221,0.9698993845442896,0,15
171,406,LA111589-0149,13.344221,0.9345949628540221,0,20
172,406,LA111589-0149,13.344221,0.8892489023978385,0,25
173,406,LA111589-0149,13.344221,0.9237804474919484,0,30
174,406,LA121189-0042,14.436002,0.9999999999999998,0,5
175,406,LA121189-0042,14.436002,0.9715642544881609,0,10
176,406,LA121189-0042,14.436002,0.9040159493284494,0,15
177,406,LA121189-0042,14.436002,0.8707632501927398,0,20
178,406,LA121189-0042,14.436002,0.9197376675220985,0,25
179,406,LA121189-0042,14.436002,0.9124543724759241,0,30
180,407,FT921-6003,13.190692,0.9999999999999998,1,5
181,407,FT921-6003,13.190692,0.9267495380847737,1,10
182,407,FT921-6003,13.190692,0.9658377783551637,1,15
183,407,FT921-6003,13.190692,0.9351440752719788,1,20
184,407,FT921-6003,13.190692,0.9034538794538793,1,25
185,407,FT921-6003,13.190692,0.8790654820664693,1,30
186,407,FT941-15416,13.210795,0.9999999999999998,1,5
187,407,FT941-15416,13.210795,0.9656160204138237,1,10
188,407,FT941-15416,13.210795,0.9441271296008379,1,15
189,407,FT941-15416,13.210795,0.9161868024303081,1,20
190,407,FT941-15416,13.210795,0.8987690355329948,1,25
191,407,FT941-15416,13.210795,0.9087979043319424,1,30
192,407,LA012489-0067,13.210795,0.9999999999999998,0,5
193,407,LA012489-0067,13.210795,0.9632008709853022,0,10
194,407,LA012489-0067,13.210795,0.9808964229452158,0,15
195,407,LA012489-0067,13.210795,0.9010823314390154,0,20
196,407,LA012489-0067,13.210795,0.8723831552667327,0,25
197,407,LA012489-0067,13.210795,0.9240171525716172,0,30
198,407,LA012589-0100,13.370525,0.9999999999999998,1,5
199,407,LA012589-0100,13.370525,0.9986381766381767,1,10
200,407,LA012589-0100,13.370525,0.92070636786794,1,15
201,407,LA012589-0100,13.370525,0.9674494504257793,1,20
202,407,LA012589-0100,13.370525,0.952947308412737,1,25
203,407,LA012589-0100,13.370525,0.9255357535063223,1,30
204,407,LA050889-0063,15.4146805,0.9999999999999998,1,5
205,407,LA050889-0063,15.4146805,0.9651701271877376,1,10
206,407,LA050889-0063,15.4146805,0.9229120133810645,1,15
207,407,LA050889-0063,15.4146805,0.932732297221683,1,20
208,407,LA050889-0063,15.4146805,0.9213030536875757,1,25
209,407,LA050889-0063,15.4146805,0.9084054372726887,1,30
210,408,FT923-1747,13.408705,0.9999999999999998,1,5
211,408,FT923-1747,13.408705,0.959478672985782,1,10
212,408,FT923-1747,13.408705,0.9646839826839827,1,15
213,408,FT923-1747,13.408705,0.9677971777573166,1,20
214,408,FT923-1747,13.408705,0.9677971777573166,1,25
215,408,FT923-1747,13.408705,0.9677971777573166,1,30
216,408,LA060689-0099,14.307083,0.9999999999999998,0,5
217,408,LA060689-0099,14.307083,0.972157511507253,0,10
218,408,LA060689-0099,14.307083,0.9057329822954822,0,15
219,408,LA060689-0099,14.307083,0.939097512561591,0,20
220,408,LA060689-0099,14.307083,0.955273815812643,0,25
221,408,LA060689-0099,14.307083,0.8572807902283894,0,30
222,408,LA082189-0033,14.284037,0.9999999999999998,0,5
223,408,LA082189-0033,14.284037,0.8115108091720185,0,10
224,408,LA082189-0033,14.284037,0.9669823200239422,0,15
225,408,LA082189-0033,14.284037,0.9081708554040346,0,20
226,408,LA082189-0033,14.284037,0.9172655217965653,0,25
227,408,LA082189-0033,14.284037,0.8634707270738587,0,30
228,408,LA082889-0052,13.61459,0.9999999999999998,0,5
229,408,LA082889-0052,13.61459,0.9529942027634011,0,10
230,408,LA082889-0052,13.61459,0.8579437980540248,0,15
231,408,LA082889-0052,13.61459,0.8990426204014191,0,20
232,408,LA082889-0052,13.61459,0.8798777801463795,0,25
233,408,LA082889-0052,13.61459,0.9675390584962296,0,30
234,408,LA092390-0028,13.408705,0.9999999999999998,1,5
235,408,LA092390-0028,13.408705,0.9642792927779442,1,10
236,408,LA092390-0028,13.408705,0.9740020417787313,1,15
237,408,LA092390-0028,13.408705,0.9463038265040142,1,20
238,408,LA092390-0028,13.408705,0.9657278389638244,1,25
239,408,LA092390-0028,13.408705,0.9405439110279723,1,30
240,409,FT923-13692,12.870329,0.9999999999999999,1,5
241,409,FT923-13692,12.870329,0.9576291120017355,1,10
242,409,FT923-13692,12.870329,0.9630214564887932,1,15
243,409,FT923-13692,12.870329,0.9393968741651083,1,20
244,409,FT923-13692,12.870329,0.9040670489633875,1,25
245,409,FT923-13692,12.870329,0.9139509813999215,1,30
246,409,FT923-13817,11.633671,0.9999999999999998,1,5
247,409,FT923-13817,11.633671,0.9802044811833804,1,10
248,409,FT923-13817,11.633671,0.9881280500173009,1,15
249,409,FT923-13817,11.633671,0.985341997632117,1,20
250,409,FT923-13817,11.633671,0.9459206989247311,1,25
251,409,FT923-13817,11.633671,0.9736059544840523,1,30
252,409,FT941-758,13.520545,0.9999999999999998,1,5
253,409,FT941-758,13.520545,0.9815539341816173,1,10
254,409,FT941-758,13.520545,0.9406158598705183,1,15
255,409,FT941-758,13.520545,0.9215905754119733,1,20
256,409,FT941-758,13.520545,0.9204796544669243,1,25
257,409,FT941-758,13.520545,0.9457946029866247,1,30
258,409,LA041689-0098,11.176984,0.9999999999999999,0,5
259,409,LA041689-0098,11.176984,0.9665937330097729,0,10
260,409,LA041689-0098,11.176984,0.8428606815527796,0,15
261,409,LA041689-0098,11.176984,0.9232062876460796,0,20
262,409,LA041689-0098,11.176984,0.9419463941222344,0,25
263,409,LA041689-0098,11.176984,0.9488945826065144,0,30
264,409,LA110489-0092,11.46385,0.9999999999999999,0,5
265,409,LA110489-0092,11.46385,0.9872183454336128,0,10
266,409,LA110489-0092,11.46385,0.9646632731025313,0,15
267,409,LA110489-0092,11.46385,0.9589389054109626,0,20
268,409,LA110489-0092,11.46385,0.923961264941746,0,25
269,409,LA110489-0092,11.46385,0.952430147651625,0,30
270,410,FBIS3-39341,10.944582,0.9999999999999998,1,5
271,410,FBIS3-39341,10.944582,0.9769375370601667,1,10
272,410,FBIS3-39341,10.944582,0.8837157359331418,1,15
273,410,FBIS3-39341,10.944582,0.9055979584191796,1,20
274,410,FBIS3-39341,10.944582,0.9185814163283716,1,25
275,410,FBIS3-39341,10.944582,0.9208944042606507,1,30
276,410,FBIS3-59001,11.296025,0.9999999999999998,1,5
277,410,FBIS3-59001,11.296025,0.9979674267100976,1,10
278,410,FBIS3-59001,11.296025,0.9814450332239886,1,15
279,410,FBIS3-59001,11.296025,0.9646776476643932,1,20
280,410,FBIS3-59001,11.296025,0.9401582403671176,1,25
281,410,FBIS3-59001,11.296025,0.9238900074996165,1,30
282,410,FBIS4-64577,12.05719,0.9999999999999998,1,5
283,410,FBIS4-64577,12.05719,0.9136513312635243,1,10
284,410,FBIS4-64577,12.05719,0.9426051666276438,1,15
285,410,FBIS4-64577,12.05719,0.9371686444054048,1,20
286,410,FBIS4-64577,12.05719,0.8954159882143135,1,25
287,410,FBIS4-64577,12.05719,0.896535724116236,1,30
288,410,FT931-16236,11.077779,0.9999999999999998,0,5
289,410,FT931-16236,11.077779,0.9671676617939743,0,10
290,410,FT931-16236,11.077779,0.9202185268605932,0,15
291,410,FT931-16236,11.077779,0.982045995452165,0,20
292,410,FT931-16236,11.077779,0.9107720073664825,0,25
293,410,FT931-16236,11.077779,0.880728707811043,0,30
294,410,FT932-16523,10.917326,0.9999999999999998,1,5
295,410,FT932-16523,10.917326,0.9734272620535545,1,10
296,410,FT932-16523,10.917326,0.9259519590177361,1,15
297,410,FT932-16523,10.917326,0.9271600424982578,1,20
298,410,FT932-16523,10.917326,0.9165242899048436,1,25
299,410,FT932-16523,10.917326,0.8740214704863829,1,30
300,411,FT922-4205,17.11045,0.997897196261682,1,5
301,411,FT922-4205,17.11045,0.9578976372528758,1,10
302,411,FT922-4205,17.11045,0.9623859502307147,1,15
303,411,FT922-4205,17.11045,0.919465548259938,1,20
304,411,FT922-4205,17.11045,0.9467879211845632,1,25
305,411,FT922-4205,17.11045,0.913611825803435,1,30
306,411,FT934-6249,15.800142,0.9999999999999998,0,5
307,411,FT934-6249,15.800142,0.9804581680426002,0,10
308,411,FT934-6249,15.800142,0.9335750750980482,0,15
309,411,FT934-6249,15.800142,0.934292867475242,0,20
310,411,FT934-6249,15.800142,0.9488233514821536,0,25
311,411,FT934-6249,15.800142,0.9392417467997795,0,30
312,411,LA041589-0050,15.266436,0.9997433923530918,1,5
313,411,LA041589-0050,15.266436,0.9490197440796709,1,10
314,411,LA041589-0050,15.266436,0.9566632951394655,1,15
315,411,LA041589-0050,15.266436,0.9123293007312104,1,20
316,411,LA041589-0050,15.266436,0.9209628084810566,1,25
317,411,LA041589-0050,15.266436,0.9316376013229043,1,30
318,411,LA050490-0070,15.5291195,0.9999999999999998,0,5
319,411,LA050490-0070,15.5291195,0.9535400040924901,0,10
320,411,LA050490-0070,15.5291195,0.9547113543555247,0,15
321,411,LA050490-0070,15.5291195,0.9270983495631197,0,20
322,411,LA050490-0070,15.5291195,0.9258207474368867,0,25
323,411,LA050490-0070,15.5291195,0.9306119037731759,0,30
324,411,LA101289-0146,18.396696,0.9999999999999998,1,5
325,411,LA101289-0146,18.396696,0.971784982105007,1,10
326,411,LA101289-0146,18.396696,0.9556582284615758,1,15
327,411,LA101289-0146,18.396696,0.9528860626356289,1,20
328,411,LA101289-0146,18.396696,0.9484029235673742,1,25
329,411,LA101289-0146,18.396696,0.9156704024943755,1,30
330,412,FBIS4-1468,7.752486,0.9999999999999998,1,5
331,412,FBIS4-1468,7.752486,0.998396627746098,1,10
332,412,FBIS4-1468,7.752486,0.9873672980698428,1,15
333,412,FBIS4-1468,7.752486,0.9167950363714165,1,20
334,412,FBIS4-1468,7.752486,0.9167986485059656,1,25
335,412,FBIS4-1468,7.752486,0.9039281944581551,1,30
336,412,FT933-6584,8.080351,0.9999999999999999,1,5
337,412,FT933-6584,8.080351,0.9636390719845082,1,10
338,412,FT933-6584,8.080351,0.9612405544870785,1,15
339,412,FT933-6584,8.080351,0.9720559595710588,1,20
340,412,FT933-6584,8.080351,0.9344803283767036,1,25
341,412,FT933-6584,8.080351,0.9432309676768781,1,30
342,412,FT943-8889,7.5650406,0.9999999999999998,0,5
343,412,FT943-8889,7.5650406,0.9945339331495187,0,10
344,412,FT943-8889,7.5650406,0.9883135655108156,0,15
345,412,FT943-8889,7.5650406,0.9555706318777075,0,20
346,412,FT943-8889,7.5650406,0.9395219966159052,0,25
347,412,FT943-8889,7.5650406,0.9064129739672777,0,30
348,412,LA021489-0071,8.027657,0.9999999999999998,1,5
349,412,LA021489-0071,8.027657,0.9705013602798289,1,10
350,412,LA021489-0071,8.027657,0.949761997369932,1,15
351,412,LA021489-0071,8.027657,0.9406867036280518,1,20
352,412,LA021489-0071,8.027657,0.9423673089081892,1,25
353,412,LA021489-0071,8.027657,0.9520795864901226,1,30
354,412,LA041890-0141,8.366061,0.9999999999999998,0,5
355,412,LA041890-0141,8.366061,0.9892998742868194,0,10
356,412,LA041890-0141,8.366061,0.9386428745202595,0,15
357,412,LA041890-0141,8.366061,0.9925762736240676,0,20
358,412,LA041890-0141,8.366061,0.9456315565362132,0,25
359,412,LA041890-0141,8.366061,0.899018326649467,0,30
360,413,FBIS3-40861,8.363681,0.9999999999999998,0,5
361,413,FBIS3-40861,8.363681,0.9923102389351233,0,10
362,413,FBIS3-40861,8.363681,0.9277794074508654,0,15
363,413,FBIS3-40861,8.363681,0.9127866020550097,0,20
364,413,FBIS3-40861,8.363681,0.8958477101087785,0,25
365,413,FBIS3-40861,8.363681,0.8810172156623585,0,30
366,413,FBIS3-7699,8.378071,0.9999999999999998,0,5
367,413,FBIS3-7699,8.378071,0.9908581344109958,0,10
368,413,FBIS3-7699,8.378071,0.9872297804017497,0,15
369,413,FBIS3-7699,8.378071,0.9442071916856555,0,20
370,413,FBIS3-7699,8.378071,0.9380614859094789,0,25
371,413,FBIS3-7699,8.378071,0.9212885184579908,0,30
372,413,FBIS4-27541,8.3462105,0.9999999999999998,0,5
373,413,FBIS4-27541,8.3462105,0.9477965424203056,0,10
374,413,FBIS4-27541,8.3462105,0.9227080258880946,0,15
375,413,FBIS4-27541,8.3462105,0.8571127724544593,0,20
376,413,FBIS4-27541,8.3462105,0.8860126018765836,0,25
377,413,FBIS4-27541,8.3462105,0.9240584026537927,0,30
378,413,FBIS4-51135,8.786941,0.9999999999999998,0,5
379,413,FBIS4-51135,8.786941,0.9871452183145613,0,10
380,413,FBIS4-51135,8.786941,0.9282915492261288,0,15
381,413,FBIS4-51135,8.786941,0.911137748016159,0,20
382,413,FBIS4-51135,8.786941,0.903214735749759,0,25
383,413,FBIS4-51135,8.786941,0.9572492004301616,0,30
384,413,FT943-2620,8.498466,0.9999999999999998,0,5
385,413,FT943-2620,8.498466,0.887333992516334,0,10
386,413,FT943-2620,8.498466,0.9233293317326932,0,15
387,413,FT943-2620,8.498466,0.8264065427256758,0,20
388,413,FT943-2620,8.498466,0.8397994745590048,0,25
389,413,FT943-2620,8.498466,0.7127249567828223,0,30
390,414,FT921-8261,13.446551,0.9999999999999998,0,5
391,414,FT921-8261,13.446551,0.9808525652148764,0,10
392,414,FT921-8261,13.446551,0.9513792622226356,0,15
393,414,FT921-8261,13.446551,0.9258360049870871,0,20
394,414,FT921-8261,13.446551,0.9095778938207135,0,25
395,414,FT921-8261,13.446551,0.9272639182852898,0,30
396,414,FT921-9644,13.95374,0.9999999999999998,1,5
397,414,FT921-9644,13.95374,0.992994474128876,1,10
398,414,FT921-9644,13.95374,0.9591945678795079,1,15
399,414,FT921-9644,13.95374,0.9595450825455059,1,20
400,414,FT921-9644,13.95374,0.9418562146009242,1,25
401,414,FT921-9644,13.95374,0.9101650160343766,1,30
402,414,FT943-11487,13.357056,0.9999999999999999,0,5
403,414,FT943-11487,13.357056,0.9077579697298006,0,10
404,414,FT943-11487,13.357056,0.9423015708255484,0,15
405,414,FT943-11487,13.357056,0.9098557836809864,0,20
406,414,FT943-11487,13.357056,0.8899219375500399,0,25
407,414,FT943-11487,13.357056,0.8925075505167633,0,30
408,414,LA040590-0222,14.256916,0.9999999999999999,0,5
409,414,LA040590-0222,14.256916,0.9528245417134306,0,10
410,414,LA040590-0222,14.256916,0.9375488229705479,0,15
411,414,LA040590-0222,14.256916,0.9451489826620675,0,20
412,414,LA040590-0222,14.256916,0.9298676055304946,0,25
413,414,LA040590-0222,14.256916,0.9297163038592435,0,30
414,414,LA061890-0107,13.594603,0.9999999999999998,0,5
415,414,LA061890-0107,13.594603,0.9719764239569659,0,10
416,414,LA061890-0107,13.594603,0.9286568044581737,0,15
417,414,LA061890-0107,13.594603,0.7774735257328179,0,20
418,414,LA061890-0107,13.594603,0.896072324773985,0,25
419,414,LA061890-0107,13.594603,0.9074400974718544,0,30
420,415,FBIS3-60025,15.317625,0.9999999999999998,1,5
421,415,FBIS3-60025,15.317625,0.9619270346117866,1,10
422,415,FBIS3-60025,15.317625,0.9401841922520862,1,15
423,415,FBIS3-60025,15.317625,0.8986866812346952,1,20
424,415,FBIS3-60025,15.317625,0.8775548986486486,1,25
425,415,FBIS3-60025,15.317625,0.8630357695982931,1,30
426,415,FBIS3-60083,16.679523,0.9999999999999998,1,5
427,415,FBIS3-60083,16.679523,0.9263231911521087,1,10
428,415,FBIS3-60083,16.679523,0.9562632891254799,1,15
429,415,FBIS3-60083,16.679523,0.9179555267821383,1,20
430,415,FBIS3-60083,16.679523,0.908985149363789,1,25
431,415,FBIS3-60083,16.679523,0.8944421645722651,1,30
432,415,FBIS4-21166,14.74885,0.9999999999999998,1,5
433,415,FBIS4-21166,14.74885,0.991671620665251,1,10
434,415,FBIS4-21166,14.74885,0.8759455341472355,1,15
435,415,FBIS4-21166,14.74885,0.8535123902862637,1,20
436,415,FBIS4-21166,14.74885,0.913957659115426,1,25
437,415,FBIS4-21166,14.74885,0.9117015377210758,1,30
438,415,FBIS4-2802,14.865173,0.9997725980670834,1,5
439,415,FBIS4-2802,14.865173,0.8547457078069323,1,10
440,415,FBIS4-2802,14.865173,0.8643211997513572,1,15
441,415,FBIS4-2802,14.865173,0.8709057695404244,1,20
442,415,FBIS4-2802,14.865173,0.8740433099696621,1,25
443,415,FBIS4-2802,14.865173,0.855831399204244,1,30
444,415,FT921-3261,16.829954,0.9999999999999999,1,5
445,415,FT921-3261,16.829954,0.9424907407407407,1,10
446,415,FT921-3261,16.829954,0.9338755707762557,1,15
447,415,FT921-3261,16.829954,0.9540200338417456,1,20
448,415,FT921-3261,16.829954,0.9220156977148016,1,25
449,415,FT921-3261,16.829954,0.9739619288472712,1,30
450,416,FBIS3-25805,11.684843,0.9999999999999998,0,5
451,416,FBIS3-25805,11.684843,0.9685144449332745,0,10
452,416,FBIS3-25805,11.684843,0.9160379854761413,0,15
453,416,FBIS3-25805,11.684843,0.9234649122807017,0,20
454,416,FBIS3-25805,11.684843,0.8974386865059004,0,25
455,416,FBIS3-25805,11.684843,0.8862607291323983,0,30
456,416,FBIS3-3711,11.3775835,0.9999999999999998,0,5
457,416,FBIS3-3711,11.3775835,0.934562628051533,0,10
458,416,FBIS3-3711,11.3775835,0.9266180424545819,0,15
459,416,FBIS3-3711,11.3775835,0.9556511266014367,0,20
460,416,FBIS3-3711,11.3775835,0.9537677932942049,0,25
461,416,FBIS3-3711,11.3775835,0.944253804271953,0,30
462,416,FBIS3-45089,11.886904,0.9999999999999998,0,5
463,416,FBIS3-45089,11.886904,0.994011512600977,0,10
464,416,FBIS3-45089,11.886904,0.9921139803218935,0,15
465,416,FBIS3-45089,11.886904,0.9074602793131993,0,20
466,416,FBIS3-45089,11.886904,0.9189704069050555,0,25
467,416,FBIS3-45089,11.886904,0.8989898425318796,0,30
468,416,FBIS3-46276,11.393773,0.9999999999999998,1,5
469,416,FBIS3-46276,11.393773,0.9321102342978278,1,10
470,416,FBIS3-46276,11.393773,0.9261934412619344,1,15
471,416,FBIS3-46276,11.393773,0.915501568919225,1,20
472,416,FBIS3-46276,11.393773,0.9000620124024805,1,25
473,416,FBIS3-46276,11.393773,0.9237876159959237,1,30
474,416,FBIS4-66355,11.587604,0.9060550458715594,1,5
475,416,FBIS4-66355,11.587604,0.967101204548013,1,10
476,416,FBIS4-66355,11.587604,0.9340562051953009,1,15
477,416,FBIS4-66355,11.587604,0.9481576591433822,1,20
478,416,FBIS4-66355,11.587604,0.8922953517071163,1,25
479,416,FBIS4-66355,11.587604,0.9114721417194911,1,30
480,417,FBIS4-25449,6.510442,0.9999999999999998,0,5
481,417,FBIS4-25449,6.510442,0.9959267852539313,0,10
482,417,FBIS4-25449,6.510442,0.9532230275968233,0,15
483,417,FBIS4-25449,6.510442,0.9185892098234079,0,20
484,417,FBIS4-25449,6.510442,0.9146498719043551,0,25
485,417,FBIS4-25449,6.510442,0.9395810855523427,0,30
486,417,FT931-3244,6.223255,0.9999999999999998,0,5
487,417,FT931-3244,6.223255,0.9800876463083152,0,10
488,417,FT931-3244,6.223255,0.9667997870074548,0,15
489,417,FT931-3244,6.223255,0.9593084775806443,0,20
490,417,FT931-3244,6.223255,0.9307782481276455,0,25
491,417,FT931-3244,6.223255,0.9283463007984614,0,30
492,417,LA082990-0115,6.203093,0.9999999999999998,0,5
493,417,LA082990-0115,6.203093,0.9356996392425189,0,10
494,417,LA082990-0115,6.203093,0.9560247793126051,0,15
495,417,LA082990-0115,6.203093,0.913347448233051,0,20
496,417,LA082990-0115,6.203093,0.9344022210654173,0,25
497,417,LA082990-0115,6.203093,0.9400409520925325,0,30
498,417,LA092989-0098,6.3569546,0.9999999999999998,1,5
499,417,LA092989-0098,6.3569546,0.9955379957000866,1,10
500,417,LA092989-0098,6.3569546,0.9531073201082316,1,15
501,417,LA092989-0098,6.3569546,0.9682380910644639,1,20
502,417,LA092989-0098,6.3569546,0.9348804528804527,1,25
503,417,LA092989-0098,6.3569546,0.9381604373120601,1,30
504,417,LA092989-0114,6.5508046,0.9999999999999998,1,5
505,417,LA092989-0114,6.5508046,0.9999999999999998,1,10
506,417,LA092989-0114,6.5508046,0.9802579067787339,1,15
507,417,LA092989-0114,6.5508046,0.9440944550749626,1,20
508,417,LA092989-0114,6.5508046,0.9539614974686916,1,25
509,417,LA092989-0114,6.5508046,0.9311460952840264,1,30
510,418,LA022490-0006,9.041793,0.9999999999999998,0,5
511,418,LA022490-0006,9.041793,0.9970087104312724,0,10
512,418,LA022490-0006,9.041793,0.9310833522598229,0,15
513,418,LA022490-0006,9.041793,0.9427619428213465,0,20
514,418,LA022490-0006,9.041793,0.9428456118749571,0,25
515,418,LA022490-0006,9.041793,0.9428456118749571,0,30
516,418,LA051889-0088,9.578237,0.9999999999999999,1,5
517,418,LA051889-0088,9.578237,0.9656271153660186,1,10
518,418,LA051889-0088,9.578237,0.9307176756149693,1,15
519,418,LA051889-0088,9.578237,0.9434025286680389,1,20
520,418,LA051889-0088,9.578237,0.9474855165441891,1,25
521,418,LA051889-0088,9.578237,0.9639367275609845,1,30
522,418,LA060890-0112,9.031743,0.9999999999999998,1,5
523,418,LA060890-0112,9.031743,0.9801184990125081,1,10
524,418,LA060890-0112,9.031743,0.9495790489501182,1,15
525,418,LA060890-0112,9.031743,0.9266055442632878,1,20
526,418,LA060890-0112,9.031743,0.8985506952882408,1,25
527,418,LA060890-0112,9.031743,0.8993581379788276,1,30
528,418,LA081189-0137,9.041793,0.9999999999999998,1,5
529,418,LA081189-0137,9.041793,0.9962584866268841,1,10
530,418,LA081189-0137,9.041793,0.9398348957604589,1,15
531,418,LA081189-0137,9.041793,0.9640594012813359,1,20
532,418,LA081189-0137,9.041793,0.9152751289989678,1,25
533,418,LA081189-0137,9.041793,0.9669180640580161,1,30
534,418,LA102189-0167,9.719133,0.9999999999999998,1,5
535,418,LA102189-0167,9.719133,0.9738965726743146,1,10
536,418,LA102189-0167,9.719133,0.9125401246849715,1,15
537,418,LA102189-0167,9.719133,0.9406251325331862,1,20
538,418,LA102189-0167,9.719133,0.8903531438415159,1,25
539,418,LA102189-0167,9.719133,0.897817995326164,1,30
540,419,FBIS3-41503,14.377756,0.9999999999999998,0,5
541,419,FBIS3-41503,14.377756,0.9917971203142305,0,10
542,419,FBIS3-41503,14.377756,0.9647055369620104,0,15
543,419,FBIS3-41503,14.377756,0.9520301970485372,0,20
544,419,FBIS3-41503,14.377756,0.9026027739152137,0,25
545,419,FBIS3-41503,14.377756,0.9038039733131036,0,30
546,419,FBIS3-41645,14.722347,0.9999999999999999,0,5
547,419,FBIS3-41645,14.722347,0.9977369165487976,0,10
548,419,FBIS3-41645,14.722347,0.9973820414682972,0,15
549,419,FBIS3-41645,14.722347,0.986714147492085,0,20
550,419,FBIS3-41645,14.722347,0.9396495428820201,0,25
551,419,FBIS3-41645,14.722347,0.93339882907611,0,30
552,419,FBIS4-67400,12.673786,0.9999999999999998,0,5
553,419,FBIS4-67400,12.673786,0.968538600086951,0,10
554,419,FBIS4-67400,12.673786,0.9723272851179828,0,15
555,419,FBIS4-67400,12.673786,0.9563279673801749,0,20
556,419,FBIS4-67400,12.673786,0.93412582073599,0,25
557,419,FBIS4-67400,12.673786,0.92058729795698,0,30
558,419,LA020890-0157,12.07088,0.9999999999999998,0,5
559,419,LA020890-0157,12.07088,0.984625087280672,0,10
560,419,LA020890-0157,12.07088,0.9741365145091853,0,15
561,419,LA020890-0157,12.07088,0.8978616687195535,0,20
562,419,LA020890-0157,12.07088,0.9427088830255057,0,25
563,419,LA020890-0157,12.07088,0.9137037009671722,0,30
564,419,LA040190-0174,13.241081,0.9999999999999998,1,5
565,419,LA040190-0174,13.241081,0.968866477942911,1,10
566,419,LA040190-0174,13.241081,0.9663637029978744,1,15
567,419,LA040190-0174,13.241081,0.9557528376566026,1,20
568,419,LA040190-0174,13.241081,0.9135359582469873,1,25
569,419,LA040190-0174,13.241081,0.931851041554445,1,30
570,420,LA010390-0086,19.058653,0.9999999999999999,1,5
571,420,LA010390-0086,19.058653,0.9327792030100905,1,10
572,420,LA010390-0086,19.058653,0.9212015647754204,1,15
573,420,LA010390-0086,19.058653,0.9412717901010876,1,20
574,420,LA010390-0086,19.058653,0.8775022937398544,1,25
575,420,LA010390-0086,19.058653,0.9046899517355629,1,30
576,420,LA011690-0088,20.386726,0.9999999999999998,0,5
577,420,LA011690-0088,20.386726,0.9827123497486098,0,10
578,420,LA011690-0088,20.386726,0.9768530063221509,0,15
579,420,LA011690-0088,20.386726,0.924727818328412,0,20
580,420,LA011690-0088,20.386726,0.9312030284086961,0,25
581,420,LA011690-0088,20.386726,0.9516842221975829,0,30
582,420,LA011989-0129,18.77626,0.9999999999999999,1,5
583,420,LA011989-0129,18.77626,0.9924934402244229,1,10
584,420,LA011989-0129,18.77626,0.9566508345194117,1,15
585,420,LA011989-0129,18.77626,0.9192320204484722,1,20
586,420,LA011989-0129,18.77626,0.925531382293392,1,25
587,420,LA011989-0129,18.77626,0.8851813349258659,1,30
588,420,LA020689-0022,18.654099,0.9999999999999998,1,5
589,420,LA020689-0022,18.654099,0.9222188009625143,1,10
590,420,LA020689-0022,18.654099,0.9400238656182114,1,15
591,420,LA020689-0022,18.654099,0.9192808479686398,1,20
592,420,LA020689-0022,18.654099,0.9386354329342356,1,25
593,420,LA020689-0022,18.654099,0.8765470288484112,1,30
594,420,LA121590-0108,20.49439,0.9997438196490327,1,5
595,420,LA121590-0108,20.49439,0.9729941508784781,1,10
596,420,LA121590-0108,20.49439,0.9429104601952748,1,15
597,420,LA121590-0108,20.49439,0.912371551692387,1,20
598,420,LA121590-0108,20.49439,0.9087061447982152,1,25
599,420,LA121590-0108,20.49439,0.9130854791468258,1,30
600,421,FBIS3-22152,10.826214,0.9999999999999998,0,5
601,421,FBIS3-22152,10.826214,0.9498790994670986,0,10
602,421,FBIS3-22152,10.826214,0.9408178257963666,0,15
603,421,FBIS3-22152,10.826214,0.8865399610136453,0,20
604,421,FBIS3-22152,10.826214,0.9150049186530457,0,25
605,421,FBIS3-22152,10.826214,0.8923455675326548,0,30
606,421,FBIS4-53866,11.026218,0.9999999999999998,0,5
607,421,FBIS4-53866,11.026218,0.9876113575192387,0,10
608,421,FBIS4-53866,11.026218,0.9398416778879504,0,15
609,421,FBIS4-53866,11.026218,0.9316129882394282,0,20
610,421,FBIS4-53866,11.026218,0.9273853194608316,0,25
611,421,FBIS4-53866,11.026218,0.8967569916979866,0,30
612,421,FT931-2779,12.33889,0.9999999999999998,0,5
613,421,FT931-2779,12.33889,0.9605722738064162,0,10
614,421,FT931-2779,12.33889,0.9437305936802637,0,15
615,421,FT931-2779,12.33889,0.9206790653970001,0,20
616,421,FT931-2779,12.33889,0.9170887753170546,0,25
617,421,FT931-2779,12.33889,0.912247013748028,0,30
618,421,FT933-4383,11.8105,0.9999999999999998,0,5
619,421,FT933-4383,11.8105,0.9637125600887463,0,10
620,421,FT933-4383,11.8105,0.9402822586810599,0,15
621,421,FT933-4383,11.8105,0.9068039155436547,0,20
622,421,FT933-4383,11.8105,0.9350926743159751,0,25
623,421,FT933-4383,11.8105,0.8757905747606264,0,30
624,421,LA040790-0126,11.001229,0.9999999999999998,0,5
625,421,LA040790-0126,11.001229,0.977659400304759,0,10
626,421,LA040790-0126,11.001229,0.903771386777421,0,15
627,421,LA040790-0126,11.001229,0.9357560114890677,0,20
628,421,LA040790-0126,11.001229,0.9343738176314792,0,25
629,421,LA040790-0126,11.001229,0.9752624945072735,0,30
630,422,FBIS4-36101,10.959179,0.999772907914159,0,5
631,422,FBIS4-36101,10.959179,0.9763296348387768,0,10
632,422,FBIS4-36101,10.959179,0.9435612897475322,0,15
633,422,FBIS4-36101,10.959179,0.9651043810643929,0,20
634,422,FBIS4-36101,10.959179,0.9016789964618848,0,25
635,422,FBIS4-36101,10.959179,0.8741621781701742,0,30
636,422,FT944-2524,11.491346,0.9999999999999998,0,5
637,422,FT944-2524,11.491346,0.9872565715543506,0,10
638,422,FT944-2524,11.491346,0.9691712822656494,0,15
639,422,FT944-2524,11.491346,0.9245664547179303,0,20
640,422,FT944-2524,11.491346,0.9225356490655475,0,25
641,422,FT944-2524,11.491346,0.9058727411431926,0,30
642,422,FT944-2627,12.381614,0.9999999999999998,0,5
643,422,FT944-2627,12.381614,0.9981130442309355,0,10
644,422,FT944-2627,12.381614,0.9408500090683757,0,15
645,422,FT944-2627,12.381614,0.9768953200174951,0,20
646,422,FT944-2627,12.381614,0.9428288158631165,0,25
647,422,FT944-2627,12.381614,0.9428288158631165,0,30
648,422,LA062890-0110,12.604323,0.9999999999999999,0,5
649,422,LA062890-0110,12.604323,0.9809054794970288,0,10
650,422,LA062890-0110,12.604323,0.9790025136843095,0,15
651,422,LA062890-0110,12.604323,0.9354780681899406,0,20
652,422,LA062890-0110,12.604323,0.8634479209551253,0,25
653,422,LA062890-0110,12.604323,0.9125016955512538,0,30
654,422,LA101489-0065,10.825184,0.9999999999999998,1,5
655,422,LA101489-0065,10.825184,0.976126984126984,1,10
656,422,LA101489-0065,10.825184,0.9891163345317892,1,15
657,422,LA101489-0065,10.825184,0.9132506191598568,1,20
658,422,LA101489-0065,10.825184,0.9522774300676968,1,25
659,422,LA101489-0065,10.825184,0.9565556597330742,1,30
660,423,FBIS4-32072,21.894691,0.9999999999999998,1,5
661,423,FBIS4-32072,21.894691,0.9909850521872379,1,10
662,423,FBIS4-32072,21.894691,0.950146123431322,1,15
663,423,FBIS4-32072,21.894691,0.9532799939329591,1,20
664,423,FBIS4-32072,21.894691,0.928375367540481,1,25
665,423,FBIS4-32072,21.894691,0.9598941621217076,1,30
666,423,FT933-2528,22.29892,0.9999999999999998,1,5
667,423,FT933-2528,22.29892,0.919638411524424,1,10
668,423,FT933-2528,22.29892,0.9400407219077467,1,15
669,423,FT933-2528,22.29892,0.9256169420416245,1,20
670,423,FT933-2528,22.29892,0.9100724475315556,1,25
671,423,FT933-2528,22.29892,0.9201045714800075,1,30
672,423,FT942-11666,22.477549,0.999537572254335,1,5
673,423,FT942-11666,22.477549,0.9569183328359693,1,10
674,423,FT942-11666,22.477549,0.9364426927925197,1,15
675,423,FT942-11666,22.477549,0.9611707268407959,1,20
676,423,FT942-11666,22.477549,0.9328105945861973,1,25
677,423,FT942-11666,22.477549,0.9125641420361248,1,30
678,423,FT943-7734,21.871471,0.9999999999999999,1,5
679,423,FT943-7734,21.871471,0.9641798251967743,1,10
680,423,FT943-7734,21.871471,0.902744259743669,1,15
681,423,FT943-7734,21.871471,0.9177594950974868,1,20
682,423,FT943-7734,21.871471,0.9285161056822292,1,25
683,423,FT943-7734,21.871471,0.9194187315063016,1,30
684,423,FT944-439,22.112698,0.9999999999999998,1,5
685,423,FT944-439,22.112698,0.9806121122292429,1,10
686,423,FT944-439,22.112698,0.9319052476481923,1,15
687,423,FT944-439,22.112698,0.9537589157907024,1,20
688,423,FT944-439,22.112698,0.9413519241494701,1,25
689,423,FT944-439,22.112698,0.9329894914442767,1,30
690,424,FT944-3141,7.051557,0.9999999999999998,0,5
691,424,FT944-3141,7.051557,0.9864713416586615,0,10
692,424,FT944-3141,7.051557,0.9352346414540431,0,15
693,424,FT944-3141,7.051557,0.7646500605955678,0,20
694,424,FT944-3141,7.051557,0.758945058215229,0,25
695,424,FT944-3141,7.051557,0.8304822010163605,0,30
696,424,LA052890-0009,6.9870763,0.9999999999999999,0,5
697,424,LA052890-0009,6.9870763,0.9871705803343985,0,10
698,424,LA052890-0009,6.9870763,0.9519852814860379,0,15
699,424,LA052890-0009,6.9870763,0.9459809643094299,0,20
700,424,LA052890-0009,6.9870763,0.9218143080661805,0,25
701,424,LA052890-0009,6.9870763,0.9468030188859786,0,30
702,424,LA072689-0058,7.0358224,0.9999999999999998,0,5
703,424,LA072689-0058,7.0358224,0.9595026386177979,0,10
704,424,LA072689-0058,7.0358224,0.9538563044761607,0,15
705,424,LA072689-0058,7.0358224,0.9880911957312636,0,20
706,424,LA072689-0058,7.0358224,0.9296432399326289,0,25
707,424,LA072689-0058,7.0358224,0.9507611773157539,0,30
708,424,LA103190-0037,7.051557,0.970242756460454,0,5
709,424,LA103190-0037,7.051557,0.981705948372615,0,10
710,424,LA103190-0037,7.051557,0.9475264755980152,0,15
711,424,LA103190-0037,7.051557,0.9673394150078605,0,20
712,424,LA103190-0037,7.051557,0.9298726449847384,0,25
713,424,LA103190-0037,7.051557,0.9355756012810889,0,30
714,424,LA111689-0152,7.051557,0.9999999999999999,0,5
715,424,LA111689-0152,7.051557,0.9787880865848362,0,10
716,424,LA111689-0152,7.051557,0.9398401189812234,0,15
717,424,LA111689-0152,7.051557,0.9220339979655316,0,20
718,424,LA111689-0152,7.051557,0.7584764826175868,0,25
719,424,LA111689-0152,7.051557,0.7152811917191437,0,30
720,425,FBIS3-58171,11.061182,0.9993077189338869,1,5
721,425,FBIS3-58171,11.061182,0.9518270854441067,1,10
722,425,FBIS3-58171,11.061182,0.9075655038102434,1,15
723,425,FBIS3-58171,11.061182,0.9108921925268625,1,20
724,425,FBIS3-58171,11.061182,0.885935387942687,1,25
725,425,FBIS3-58171,11.061182,0.8464367816091954,1,30
726,425,FBIS4-26260,11.445114,0.9999999999999998,1,5
727,425,FBIS4-26260,11.445114,0.972669247193962,1,10
728,425,FBIS4-26260,11.445114,0.9462082397443613,1,15
729,425,FBIS4-26260,11.445114,0.9542762443568203,1,20
730,425,FBIS4-26260,11.445114,0.9233404741502427,1,25
731,425,FBIS4-26260,11.445114,0.9086342844641053,1,30
732,425,FBIS4-58263,10.917299,0.9999999999999998,1,5
733,425,FBIS4-58263,10.917299,0.9866661762722669,1,10
734,425,FBIS4-58263,10.917299,0.9155870025514511,1,15
735,425,FBIS4-58263,10.917299,0.9552863888318622,1,20
736,425,FBIS4-58263,10.917299,0.940644984781642,1,25
737,425,FBIS4-58263,10.917299,0.9324702174779166,1,30
738,425,LA071389-0111,10.871088,0.9999999999999998,1,5
739,425,LA071389-0111,10.871088,0.9821400445129258,1,10
740,425,LA071389-0111,10.871088,0.9418449044950246,1,15
741,425,LA071389-0111,10.871088,0.9093711782625131,1,20
742,425,LA071389-0111,10.871088,0.9191813364628898,1,25
743,425,LA071389-0111,10.871088,0.9349377601605421,1,30
744,425,LA091590-0091,11.0711155,0.9999999999999998,1,5
745,425,LA091590-0091,11.0711155,0.9848833607358162,1,10
746,425,LA091590-0091,11.0711155,0.9763549573204164,1,15
747,425,LA091590-0091,11.0711155,0.9720752197618782,1,20
748,425,LA091590-0091,11.0711155,0.9539080459770114,1,25
749,425,LA091590-0091,11.0711155,0.9448941913731724,1,30
750,426,LA012990-0011,11.569998,0.9999999999999998,0,5
751,426,LA012990-0011,11.569998,0.9689780118380482,0,10
752,426,LA012990-0011,11.569998,0.9852641390465224,0,15
753,426,LA012990-0011,11.569998,0.9728913611079578,0,20
754,426,LA012990-0011,11.569998,0.9530105186797243,0,25
755,426,LA012990-0011,11.569998,0.9541320899881377,0,30
756,426,LA041089-0080,11.6655445,0.9999999999999998,0,5
757,426,LA041089-0080,11.6655445,0.9592785159509596,0,10
758,426,LA041089-0080,11.6655445,0.9808032143007512,0,15
759,426,LA041089-0080,11.6655445,0.9415242298739382,0,20
760,426,LA041089-0080,11.6655445,0.9414254001635705,0,25
761,426,LA041089-0080,11.6655445,0.9364580060089859,0,30
762,426,LA051990-0141,13.191021,0.9999999999999998,0,5
763,426,LA051990-0141,13.191021,0.9975041385457786,0,10
764,426,LA051990-0141,13.191021,0.9531521153651292,0,15
765,426,LA051990-0141,13.191021,0.9221888053467002,0,20
766,426,LA051990-0141,13.191021,0.9488831672823612,0,25
767,426,LA051990-0141,13.191021,0.9189857659252149,0,30
768,426,LA070390-0036,11.620773,0.9999999999999998,1,5
769,426,LA070390-0036,11.620773,0.9973050072392091,1,10
770,426,LA070390-0036,11.620773,0.9448331825533898,1,15
771,426,LA070390-0036,11.620773,0.9764198558680438,1,20
772,426,LA070390-0036,11.620773,0.9748093480934807,1,25
773,426,LA070390-0036,11.620773,0.9669625177217711,1,30
774,426,LA082790-0084,11.5565405,0.9999999999999999,0,5
775,426,LA082790-0084,11.5565405,0.9567255278774912,0,10
776,426,LA082790-0084,11.5565405,0.9928562682572722,0,15
777,426,LA082790-0084,11.5565405,0.972896038817933,0,20
778,426,LA082790-0084,11.5565405,0.9663643199176857,0,25
779,426,LA082790-0084,11.5565405,0.9205505128426021,0,30
780,427,FR941028-2-00201,14.126129,0.9999999999999998,0,5
781,427,FR941028-2-00201,14.126129,0.9734414477936424,0,10
782,427,FR941028-2-00201,14.126129,0.9181791440626885,0,15
783,427,FR941028-2-00201,14.126129,0.9073599376354196,0,20
784,427,FR941028-2-00201,14.126129,0.9076280285371192,0,25
785,427,FR941028-2-00201,14.126129,0.893334406992449,0,30
786,427,FT922-7705,13.195225,0.9999999999999998,1,5
787,427,FT922-7705,13.195225,0.9711815137800345,1,10
788,427,FT922-7705,13.195225,0.9532491338328903,1,15
789,427,FT922-7705,13.195225,0.9476904385571729,1,20
790,427,FT922-7705,13.195225,0.9393869560353505,1,25
791,427,FT922-7705,13.195225,0.9176431201874791,1,30
792,427,FT924-7120,14.024277,0.9999999999999998,1,5
793,427,FT924-7120,14.024277,0.9886788144494678,1,10
794,427,FT924-7120,14.024277,0.9633904453191325,1,15
795,427,FT924-7120,14.024277,0.9776986117718289,1,20
796,427,FT924-7120,14.024277,0.9154205954915677,1,25
797,427,FT924-7120,14.024277,0.9269435373271094,1,30
798,427,FT933-1362,15.389824,0.9999999999999998,1,5
799,427,FT933-1362,15.389824,0.9992920898738071,1,10
800,427,FT933-1362,15.389824,0.9790381635279595,1,15
801,427,FT933-1362,15.389824,0.9947424711511399,1,20
802,427,FT933-1362,15.389824,0.9677934163974772,1,25
803,427,FT933-1362,15.389824,0.9733720055859921,1,30
804,427,LA082089-0008,16.645687,0.9999999999999999,1,5
805,427,LA082089-0008,16.645687,0.8982199101107688,1,10
806,427,LA082089-0008,16.645687,0.953411306042885,1,15
807,427,LA082089-0008,16.645687,0.9148853302731556,1,20
808,427,LA082089-0008,16.645687,0.9024358278121718,1,25
809,427,LA082089-0008,16.645687,0.8825329946407475,1,30
810,428,FBIS4-38757,11.316113,0.9999999999999998,0,5
811,428,FBIS4-38757,11.316113,0.9673985772845088,0,10
812,428,FBIS4-38757,11.316113,0.9555439694125826,0,15
813,428,FBIS4-38757,11.316113,0.9326381613230574,0,20
814,428,FBIS4-38757,11.316113,0.8913200204813106,0,25
815,428,FBIS4-38757,11.316113,0.9260353170980692,0,30
816,428,FBIS4-66212,11.373832,0.9999999999999998,0,5
817,428,FBIS4-66212,11.373832,0.9661894171068482,0,10
818,428,FBIS4-66212,11.373832,0.9654516756598025,0,15
819,428,FBIS4-66212,11.373832,0.9498355830895845,0,20
820,428,FBIS4-66212,11.373832,0.9312178676780446,0,25
821,428,FBIS4-66212,11.373832,0.9272075384270636,0,30
822,428,FT941-16778,10.811983,0.9999999999999998,1,5
823,428,FT941-16778,10.811983,0.987965236369305,1,10
824,428,FT941-16778,10.811983,0.9196273072952078,1,15
825,428,FT941-16778,10.811983,0.9553200883002209,1,20
826,428,FT941-16778,10.811983,0.9184944048830112,1,25
827,428,FT941-16778,10.811983,0.9185082563948627,1,30
828,428,LA030990-0060,11.28607,0.9999999999999998,0,5
829,428,LA030990-0060,11.28607,0.988409475465313,0,10
830,428,LA030990-0060,11.28607,0.9667623463604917,0,15
831,428,LA030990-0060,11.28607,0.9323247714410101,0,20
832,428,LA030990-0060,11.28607,0.9908213421622307,0,25
833,428,LA030990-0060,11.28607,0.9265551498864971,0,30
834,428,LA083090-0246,12.1676855,0.9999999999999998,0,5
835,428,LA083090-0246,12.1676855,0.9710485450003375,0,10
836,428,LA083090-0246,12.1676855,0.9635304392703309,0,15
837,428,LA083090-0246,12.1676855,0.9445895000246941,0,20
838,428,LA083090-0246,12.1676855,0.9201573438691341,0,25
839,428,LA083090-0246,12.1676855,0.9418391553327667,0,30
840,429,FT932-10547,14.260535,0.9999999999999998,1,5
841,429,FT932-10547,14.260535,0.9993341656263004,1,10
842,429,FT932-10547,14.260535,0.9553344568317346,1,15
843,429,FT932-10547,14.260535,0.9079419538335167,1,20
844,429,FT932-10547,14.260535,0.9209600522477412,1,25
845,429,FT932-10547,14.260535,0.8969332182513882,1,30
846,429,LA010590-0062,14.454158,0.9999999999999998,1,5
847,429,LA010590-0062,14.454158,0.9829509394333721,1,10
848,429,LA010590-0062,14.454158,0.974798221981237,1,15
849,429,LA010590-0062,14.454158,0.9370461175038922,1,20
850,429,LA010590-0062,14.454158,0.8999506861063464,1,25
851,429,LA010590-0062,14.454158,0.8963287485399654,1,30
852,429,LA052190-0047,14.85724,0.9999999999999998,0,5
853,429,LA052190-0047,14.85724,0.9773525141876732,0,10
854,429,LA052190-0047,14.85724,0.9621386400914814,0,15
855,429,LA052190-0047,14.85724,0.9109242916320495,0,20
856,429,LA052190-0047,14.85724,0.8723985433795097,0,25
857,429,LA052190-0047,14.85724,0.866727066817667,0,30
858,429,LA062090-0050,14.665972,0.9999999999999999,1,5
859,429,LA062090-0050,14.665972,0.9959627508820635,1,10
860,429,LA062090-0050,14.665972,0.9336971178397856,1,15
861,429,LA062090-0050,14.665972,0.9685535424464243,1,20
862,429,LA062090-0050,14.665972,0.9530375018676228,1,25
863,429,LA062090-0050,14.665972,0.9166170826075563,1,30
864,429,LA110389-0072,15.062895,0.9999999999999998,1,5
865,429,LA110389-0072,15.062895,0.9910272783835999,1,10
866,429,LA110389-0072,15.062895,0.916160394118737,1,15
867,429,LA110389-0072,15.062895,0.9024666214075583,1,20
868,429,LA110389-0072,15.062895,0.9467290325193374,1,25
869,429,LA110389-0072,15.062895,0.9398240433633028,1,30
870,430,FT911-4886,15.342434,0.9999999999999998,1,5
871,430,FT911-4886,15.342434,0.9351182507809014,1,10
872,430,FT911-4886,15.342434,0.9443955734972184,1,15
873,430,FT911-4886,15.342434,0.9171605995135407,1,20
874,430,FT911-4886,15.342434,0.9171605995135407,1,25
875,430,FT911-4886,15.342434,0.9171605995135407,1,30
876,430,LA031389-0095,18.367445,0.9999999999999998,0,5
877,430,LA031389-0095,18.367445,0.93173104434907,0,10
878,430,LA031389-0095,18.367445,0.9184789949323889,0,15
879,430,LA031389-0095,18.367445,0.9518347877933764,0,20
880,430,LA031389-0095,18.367445,0.9302244408327528,0,25
881,430,LA031389-0095,18.367445,0.9750949359023371,0,30
882,430,LA061589-0055,16.03025,0.9997756590016823,1,5
883,430,LA061589-0055,16.03025,0.9556542374474283,1,10
884,430,LA061589-0055,16.03025,0.9667440552743954,1,15
885,430,LA061589-0055,16.03025,0.9637425534400187,1,20
886,430,LA061589-0055,16.03025,0.9628571428571427,1,25
887,430,LA061589-0055,16.03025,0.926267563164385,1,30
888,430,LA073089-0143,17.086674,0.9999999999999998,1,5
889,430,LA073089-0143,17.086674,0.9981557144478492,1,10
890,430,LA073089-0143,17.086674,0.9868183394935468,1,15
891,430,LA073089-0143,17.086674,0.9741599943496658,1,20
892,430,LA073089-0143,17.086674,0.9468858754350173,1,25
893,430,LA073089-0143,17.086674,0.8790333163228111,1,30
894,430,LA080389-0111,17.073605,0.9999999999999998,1,5
895,430,LA080389-0111,17.073605,0.9994607446625976,1,10
896,430,LA080389-0111,17.073605,0.9022796707512951,1,15
897,430,LA080389-0111,17.073605,0.9230228913946327,1,20
898,430,LA080389-0111,17.073605,0.9169120956399437,1,25
899,430,LA080389-0111,17.073605,0.9190553293575857,1,30
900,431,FBIS3-20965,10.831484,0.9999999999999998,1,5
901,431,FBIS3-20965,10.831484,0.9997327132280223,1,10
902,431,FBIS3-20965,10.831484,0.9598413635980086,1,15
903,431,FBIS3-20965,10.831484,0.915178938238919,1,20
904,431,FBIS3-20965,10.831484,0.9632645970239443,1,25
905,431,FBIS3-20965,10.831484,0.8993271890283001,1,30
906,431,FBIS3-40520,10.738638,0.9994892095517811,1,5
907,431,FBIS3-40520,10.738638,0.9930135636887171,1,10
908,431,FBIS3-40520,10.738638,0.9190922976216451,1,15
909,431,FBIS3-40520,10.738638,0.913705983519697,1,20
910,431,FBIS3-40520,10.738638,0.8941587929392807,1,25
911,431,FBIS3-40520,10.738638,0.9091027454490065,1,30
912,431,FBIS3-46247,11.311753,0.9999999999999999,1,5
913,431,FBIS3-46247,11.311753,0.9910515410515409,1,10
914,431,FBIS3-46247,11.311753,0.9477096977096977,1,15
915,431,FBIS3-46247,11.311753,0.9315182653019944,1,20
916,431,FBIS3-46247,11.311753,0.8871708621889999,1,25
917,431,FBIS3-46247,11.311753,0.8962737862672744,1,30
918,431,FBIS4-22880,10.846091,0.9999999999999998,1,5
919,431,FBIS4-22880,10.846091,0.9558576839826839,1,10
920,431,FBIS4-22880,10.846091,0.9580545238339916,1,15
921,431,FBIS4-22880,10.846091,0.9111067866158106,1,20
922,431,FBIS4-22880,10.846091,0.9079606862540806,1,25
923,431,FBIS4-22880,10.846091,0.9103347567588148,1,30
924,431,FBIS4-44737,10.509848,0.9999999999999998,1,5
925,431,FBIS4-44737,10.509848,0.9999999999999998,1,10
926,431,FBIS4-44737,10.509848,0.9652096979037346,1,15
927,431,FBIS4-44737,10.509848,0.9407062757282778,1,20
928,431,FBIS4-44737,10.509848,0.9073828761429757,1,25
929,431,FBIS4-44737,10.509848,0.9358879689200545,1,30
930,432,FT922-3158,10.249755,0.9999999999999998,0,5
931,432,FT922-3158,10.249755,0.9990072282991108,0,10
932,432,FT922-3158,10.249755,0.9095337013076938,0,15
933,432,FT922-3158,10.249755,0.9264710352614208,0,20
934,432,FT922-3158,10.249755,0.8907686654908876,0,25
935,432,FT922-3158,10.249755,0.9079824958503093,0,30
936,432,FT923-12661,10.060238,0.9997821825310388,0,5
937,432,FT923-12661,10.060238,0.995895240134161,0,10
938,432,FT923-12661,10.060238,0.9514690752352796,0,15
939,432,FT923-12661,10.060238,0.939637550980773,0,20
940,432,FT923-12661,10.060238,0.9535715112491278,0,25
941,432,FT923-12661,10.060238,0.9535715112491278,0,30
942,432,FT923-9219,10.060238,0.9999999999999998,0,5
943,432,FT923-9219,10.060238,0.9967530722780816,0,10
944,432,FT923-9219,10.060238,0.9294832360117334,0,15
945,432,FT923-9219,10.060238,0.9133551103852093,0,20
946,432,FT923-9219,10.060238,0.9908141580535624,0,25
947,432,FT923-9219,10.060238,0.9908141580535624,0,30
948,432,FT933-17008,10.755975,0.9999999999999999,0,5
949,432,FT933-17008,10.755975,0.9735332418259246,0,10
950,432,FT933-17008,10.755975,0.9502064862114186,0,15
951,432,FT933-17008,10.755975,0.9634704183923958,0,20
952,432,FT933-17008,10.755975,0.9335924420825953,0,25
953,432,FT933-17008,10.755975,0.9312891828856069,0,30
954,432,LA020690-0009,10.402788,0.9999999999999998,0,5
955,432,LA020690-0009,10.402788,0.9857851319640999,0,10
956,432,LA020690-0009,10.402788,0.9774705341469532,0,15
957,432,LA020690-0009,10.402788,0.9094221567905778,0,20
958,432,LA020690-0009,10.402788,0.9298204577968526,0,25
959,432,LA020690-0009,10.402788,0.9012107930174308,0,30
960,433,FBIS3-13963,11.00848,0.9999999999999998,1,5
961,433,FBIS3-13963,11.00848,0.9990932932695474,1,10
962,433,FBIS3-13963,11.00848,0.9431169497828831,1,15
963,433,FBIS3-13963,11.00848,0.9433386707509515,1,20
964,433,FBIS3-13963,11.00848,0.8987118811183884,1,25
965,433,FBIS3-13963,11.00848,0.8913785794682142,1,30
966,433,FBIS3-39640,10.134823,0.9999999999999998,0,5
967,433,FBIS3-39640,10.134823,0.9999508846895298,0,10
968,433,FBIS3-39640,10.134823,0.9525199264255059,0,15
969,433,FBIS3-39640,10.134823,0.9451307741399858,0,20
970,433,FBIS3-39640,10.134823,0.8974155560256681,0,25
971,433,FBIS3-39640,10.134823,0.8604047669416826,0,30
972,433,FT924-9527,13.207598,0.9999999999999998,0,5
973,433,FT924-9527,13.207598,0.9245892280112812,0,10
974,433,FT924-9527,13.207598,0.9294601461095129,0,15
975,433,FT924-9527,13.207598,0.929309095627913,0,20
976,433,FT924-9527,13.207598,0.9401450844521436,0,25
977,433,FT924-9527,13.207598,0.9393177287159418,0,30
978,433,FT931-15365,12.748895,0.9999999999999999,1,5
979,433,FT931-15365,12.748895,0.9261839465280003,1,10
980,433,FT931-15365,12.748895,0.9304465128827736,1,15
981,433,FT931-15365,12.748895,0.9575675265937287,1,20
982,433,FT931-15365,12.748895,0.9145552977571537,1,25
983,433,FT931-15365,12.748895,0.9270820635567736,1,30
984,433,LA031989-0196,12.488016,0.9999999999999999,0,5
985,433,LA031989-0196,12.488016,0.9986083586559209,0,10
986,433,LA031989-0196,12.488016,0.9600753164336274,0,15
987,433,LA031989-0196,12.488016,0.9253808105412429,0,20
988,433,LA031989-0196,12.488016,0.9058775811209439,0,25
989,433,LA031989-0196,12.488016,0.916771939078262,0,30
990,434,FBIS3-23777,8.6885,0.9999999999999998,1,5
991,434,FBIS3-23777,8.6885,0.973918350588679,1,10
992,434,FBIS3-23777,8.6885,0.9308790675084992,1,15
993,434,FBIS3-23777,8.6885,0.9200666883279448,1,20
994,434,FBIS3-23777,8.6885,0.9296496667735842,1,25
995,434,FBIS3-23777,8.6885,0.9435372603680585,1,30
996,434,FBIS3-23779,8.796744,0.9999999999999998,1,5
997,434,FBIS3-23779,8.796744,0.9597360386092779,1,10
998,434,FBIS3-23779,8.796744,0.9166648926734078,1,15
999,434,FBIS3-23779,8.796744,0.9023365541736943,1,20
1000,434,FBIS3-23779,8.796744,0.8982472957230818,1,25
1001,434,FBIS3-23779,8.796744,0.9071072490911093,1,30
1002,434,FBIS3-36117,8.614734,0.9999999999999998,0,5
1003,434,FBIS3-36117,8.614734,0.9577298355785138,0,10
1004,434,FBIS3-36117,8.614734,0.944462778019009,0,15
1005,434,FBIS3-36117,8.614734,0.9036706196979329,0,20
1006,434,FBIS3-36117,8.614734,0.9571021856601338,0,25
1007,434,FBIS3-36117,8.614734,0.9448003479822173,0,30
1008,434,FBIS4-15983,9.010666,0.9999999999999998,1,5
1009,434,FBIS4-15983,9.010666,0.9923026744944552,1,10
1010,434,FBIS4-15983,9.010666,0.9499624789101256,1,15
1011,434,FBIS4-15983,9.010666,0.9549260047673069,1,20
1012,434,FBIS4-15983,9.010666,0.9204676406081557,1,25
1013,434,FBIS4-15983,9.010666,0.9134140416480883,1,30
1014,434,FT943-14253,8.655019,0.9999999999999998,1,5
1015,434,FT943-14253,8.655019,0.9321520024582607,1,10
1016,434,FT943-14253,8.655019,0.9237363361196933,1,15
1017,434,FT943-14253,8.655019,0.937296309172676,1,20
1018,434,FT943-14253,8.655019,0.9146395702897806,1,25
1019,434,FT943-14253,8.655019,0.9493405928614641,1,30
1020,435,FBIS3-27959,11.504406,0.9999999999999998,0,5
1021,435,FBIS3-27959,11.504406,0.9452760140175566,0,10
1022,435,FBIS3-27959,11.504406,0.9236984011231327,0,15
1023,435,FBIS3-27959,11.504406,0.9497842043204269,0,20
1024,435,FBIS3-27959,11.504406,0.9194793385399478,0,25
1025,435,FBIS3-27959,11.504406,0.9153429869152022,0,30
1026,435,FT943-8138,11.204991,0.9999999999999998,0,5
1027,435,FT943-8138,11.204991,0.985934614966873,0,10
1028,435,FT943-8138,11.204991,0.9177015300646981,0,15
1029,435,FT943-8138,11.204991,0.9517515211935783,0,20
1030,435,FT943-8138,11.204991,0.920423197492163,0,25
1031,435,FT943-8138,11.204991,0.9074528674998312,0,30
1032,435,LA051590-0008,11.6229105,0.9999999999999998,0,5
1033,435,LA051590-0008,11.6229105,0.9992391668341034,0,10
1034,435,LA051590-0008,11.6229105,0.8939801945346026,0,15
1035,435,LA051590-0008,11.6229105,0.9428698865808589,0,20
1036,435,LA051590-0008,11.6229105,0.8974443034404962,0,25
1037,435,LA051590-0008,11.6229105,0.8664853794039442,0,30
1038,435,LA082189-0092,11.639069,0.9999999999999999,0,5
1039,435,LA082189-0092,11.639069,0.9239643512920415,0,10
1040,435,LA082189-0092,11.639069,0.7011458785336613,0,15
1041,435,LA082189-0092,11.639069,0.8584319815933276,0,20
1042,435,LA082189-0092,11.639069,0.8620707666988658,0,25
1043,435,LA082189-0092,11.639069,0.6885932184033542,0,30
1044,435,LA121589-0139,12.818815,0.9999999999999999,0,5
1045,435,LA121589-0139,12.818815,0.9125433125433124,0,10
1046,435,LA121589-0139,12.818815,0.8686981321738317,0,15
1047,435,LA121589-0139,12.818815,0.8958403571205593,0,20
1048,435,LA121589-0139,12.818815,0.8651063677643104,0,25
1049,435,LA121589-0139,12.818815,0.8750565222488318,0,30
1050,436,FBIS3-11568,9.749218,0.9999999999999998,1,5
1051,436,FBIS3-11568,9.749218,0.9948800511538153,1,10
1052,436,FBIS3-11568,9.749218,0.9992869228909838,1,15
1053,436,FBIS3-11568,9.749218,0.9379721975357405,1,20
1054,436,FBIS3-11568,9.749218,0.8904040297298248,1,25
1055,436,FBIS3-11568,9.749218,0.9382515580231222,1,30
1056,436,FBIS3-27285,10.594955,0.9999999999999998,0,5
1057,436,FBIS3-27285,10.594955,0.9421810913544301,0,10
1058,436,FBIS3-27285,10.594955,0.9451683766078094,0,15
1059,436,FBIS3-27285,10.594955,0.9292114715269053,0,20
1060,436,FBIS3-27285,10.594955,0.9089537871385661,0,25
1061,436,FBIS3-27285,10.594955,0.9192451366764388,0,30
1062,436,FT931-14769,9.71661,0.9999999999999998,1,5
1063,436,FT931-14769,9.71661,0.9809653135124832,1,10
1064,436,FT931-14769,9.71661,0.9495167769502072,1,15
1065,436,FT931-14769,9.71661,0.9449573381448975,1,20
1066,436,FT931-14769,9.71661,0.9279536995682595,1,25
1067,436,FT931-14769,9.71661,0.9353736425255634,1,30
1068,436,FT942-13580,9.994491,0.9999999999999999,0,5
1069,436,FT942-13580,9.994491,0.9881948114481672,0,10
1070,436,FT942-13580,9.994491,0.9142031262589639,0,15
1071,436,FT942-13580,9.994491,0.9083795085965461,0,20
1072,436,FT942-13580,9.994491,0.8674738968196911,0,25
1073,436,FT942-13580,9.994491,0.9173961777066711,0,30
1074,436,LA112690-0054,9.840849,0.9999999999999998,1,5
1075,436,LA112690-0054,9.840849,0.9692585358052612,1,10
1076,436,LA112690-0054,9.840849,0.9780146368535434,1,15
1077,436,LA112690-0054,9.840849,0.9440064479083807,1,20
1078,436,LA112690-0054,9.840849,0.9346767876330108,1,25
1079,436,LA112690-0054,9.840849,0.901437789192724,1,30
1080,437,FT922-7077,11.408407,0.9999999999999998,0,5
1081,437,FT922-7077,11.408407,0.9978073311406643,0,10
1082,437,FT922-7077,11.408407,0.9569681349125907,0,15
1083,437,FT922-7077,11.408407,0.9054369102865816,0,20
1084,437,FT922-7077,11.408407,0.9227595569846373,0,25
1085,437,FT922-7077,11.408407,0.911084033954754,0,30
1086,437,FT941-16324,11.884956,0.9999999999999998,0,5
1087,437,FT941-16324,11.884956,0.9599099267221537,0,10
1088,437,FT941-16324,11.884956,0.9700335676128571,0,15
1089,437,FT941-16324,11.884956,0.9205832442159053,0,20
1090,437,FT941-16324,11.884956,0.9374105700438493,0,25
1091,437,FT941-16324,11.884956,0.9038879960112237,0,30
1092,437,FT941-5812,12.543911,0.9999999999999998,0,5
1093,437,FT941-5812,12.543911,0.9965120165284231,0,10
1094,437,FT941-5812,12.543911,0.920526482168003,0,15
1095,437,FT941-5812,12.543911,0.9308373708057301,0,20
1096,437,FT941-5812,12.543911,0.8611296198054817,0,25
1097,437,FT941-5812,12.543911,0.9322373936074467,0,30
1098,437,FT942-3871,11.848943,0.9999999999999998,0,5
1099,437,FT942-3871,11.848943,0.9403323011354177,0,10
1100,437,FT942-3871,11.848943,0.9321321321321322,0,15
1101,437,FT942-3871,11.848943,0.8792348893806472,0,20
1102,437,FT942-3871,11.848943,0.9031508604272706,0,25
1103,437,FT942-3871,11.848943,0.8588829343140129,0,30
1104,437,FT943-13268,11.685851,0.9999999999999998,0,5
1105,437,FT943-13268,11.685851,0.9568673156908449,0,10
1106,437,FT943-13268,11.685851,0.9552998152427269,0,15
1107,437,FT943-13268,11.685851,0.9164613661814109,0,20
1108,437,FT943-13268,11.685851,0.9122967755400186,0,25
1109,437,FT943-13268,11.685851,0.9223896142543614,0,30
1110,438,FBIS3-33309,8.364754,0.9999999999999998,1,5
1111,438,FBIS3-33309,8.364754,0.9474288697468023,1,10
1112,438,FBIS3-33309,8.364754,0.958151199544018,1,15
1113,438,FBIS3-33309,8.364754,0.883005465058509,1,20
1114,438,FBIS3-33309,8.364754,0.8852115518441194,1,25
1115,438,FBIS3-33309,8.364754,0.8922328967987061,1,30
1116,438,FBIS4-51074,8.047753,0.9999999999999998,1,5
1117,438,FBIS4-51074,8.047753,0.963080513418903,1,10
1118,438,FBIS4-51074,8.047753,0.961394090175025,1,15
1119,438,FBIS4-51074,8.047753,0.9293626212181845,1,20
1120,438,FBIS4-51074,8.047753,0.887540108758064,1,25
1121,438,FBIS4-51074,8.047753,0.9311827625970522,1,30
1122,438,FT923-14219,9.31339,0.9999999999999998,0,5
1123,438,FT923-14219,9.31339,0.8920011935091463,0,10
1124,438,FT923-14219,9.31339,0.9178545492270982,0,15
1125,438,FT923-14219,9.31339,0.9389216767453978,0,20
1126,438,FT923-14219,9.31339,0.9156238132469563,0,25
1127,438,FT923-14219,9.31339,0.9567801559762256,0,30
1128,438,FT924-2517,8.282791,0.9999999999999998,0,5
1129,438,FT924-2517,8.282791,0.9856634357373636,0,10
1130,438,FT924-2517,8.282791,0.9428651502639942,0,15
1131,438,FT924-2517,8.282791,0.94144484560357,0,20
1132,438,FT924-2517,8.282791,0.9131432685385168,0,25
1133,438,FT924-2517,8.282791,0.9221557786507589,0,30
1134,438,LA031590-0065,8.130077,0.9999999999999998,0,5
1135,438,LA031590-0065,8.130077,0.9942505988959482,0,10
1136,438,LA031590-0065,8.130077,0.9649119685241754,0,15
1137,438,LA031590-0065,8.130077,0.9187854251012145,0,20
1138,438,LA031590-0065,8.130077,0.8678544808014497,0,25
1139,438,LA031590-0065,8.130077,0.8687824020652372,0,30
1140,439,FR940627-2-00078,12.565465,0.9999999999999998,0,5
1141,439,FR940627-2-00078,12.565465,0.9348864866150535,0,10
1142,439,FR940627-2-00078,12.565465,0.9108953582450379,0,15
1143,439,FR940627-2-00078,12.565465,0.9334874697047648,0,20
1144,439,FR940627-2-00078,12.565465,0.8820349294968147,0,25
1145,439,FR940627-2-00078,12.565465,0.9072188773338198,0,30
1146,439,FR941006-0-00056,12.000536,0.9999999999999998,0,5
1147,439,FR941006-0-00056,12.000536,0.9280774745551559,0,10
1148,439,FR941006-0-00056,12.000536,0.9426517497315886,0,15
1149,439,FR941006-0-00056,12.000536,0.9031950516748434,0,20
1150,439,FR941006-0-00056,12.000536,0.9167275973143943,0,25
1151,439,FR941006-0-00056,12.000536,0.9231814827760302,0,30
1152,439,FT942-14635,12.176708,0.9999999999999998,1,5
1153,439,FT942-14635,12.176708,0.9357151828634718,1,10
1154,439,FT942-14635,12.176708,0.9392647503932281,1,15
1155,439,FT942-14635,12.176708,0.9135699969799301,1,20
1156,439,FT942-14635,12.176708,0.9354270397297495,1,25
1157,439,FT942-14635,12.176708,0.928900561619904,1,30
1158,439,LA100589-0058,14.079947,0.9999999999999998,0,5
1159,439,LA100589-0058,14.079947,0.9829551327225746,0,10
1160,439,LA100589-0058,14.079947,0.9072226574968805,0,15
1161,439,LA100589-0058,14.079947,0.969968678990358,0,20
1162,439,LA100589-0058,14.079947,0.8867915885904641,0,25
1163,439,LA100589-0058,14.079947,0.8993741653223465,0,30
1164,439,LA102089-0100,12.096449,0.9999999999999998,0,5
1165,439,LA102089-0100,12.096449,0.914462723737318,0,10
1166,439,LA102089-0100,12.096449,0.9281783361267559,0,15
1167,439,LA102089-0100,12.096449,0.935747834255297,0,20
1168,439,LA102089-0100,12.096449,0.8899232340305654,0,25
1169,439,LA102089-0100,12.096449,0.8974636293422628,0,30
1170,440,FR940513-1-00101,9.2096,0.9999999999999998,0,5
1171,440,FR940513-1-00101,9.2096,0.9995277156350981,0,10
1172,440,FR940513-1-00101,9.2096,0.9598744962750375,0,15
1173,440,FR940513-1-00101,9.2096,0.9346750232391033,0,20
1174,440,FR940513-1-00101,9.2096,0.9191305856230918,0,25
1175,440,FR940513-1-00101,9.2096,0.9161072734086104,0,30
1176,440,LA031690-0183,10.244872,0.9999999999999998,1,5
1177,440,LA031690-0183,10.244872,0.9773196602882614,1,10
1178,440,LA031690-0183,10.244872,0.9255474146515308,1,15
1179,440,LA031690-0183,10.244872,0.9330695478376735,1,20
1180,440,LA031690-0183,10.244872,0.9352166887028057,1,25
1181,440,LA031690-0183,10.244872,0.9400814915298273,1,30
1182,440,LA032290-0007,9.155285,0.9999999999999998,1,5
1183,440,LA032290-0007,9.155285,0.9997098610959996,1,10
1184,440,LA032290-0007,9.155285,0.9832925515310798,1,15
1185,440,LA032290-0007,9.155285,0.9844498633972318,1,20
1186,440,LA032290-0007,9.155285,0.9691692040017399,1,25
1187,440,LA032290-0007,9.155285,0.9557906832120101,1,30
1188,440,LA052890-0002,8.934223,0.9999999999999998,0,5
1189,440,LA052890-0002,8.934223,0.9706344328348014,0,10
1190,440,LA052890-0002,8.934223,0.9713234265649945,0,15
1191,440,LA052890-0002,8.934223,0.9116582880202455,0,20
1192,440,LA052890-0002,8.934223,0.9105054914596542,0,25
1193,440,LA052890-0002,8.934223,0.8941145793317641,0,30
1194,440,LA060689-0153,9.336216,0.9999999999999998,1,5
1195,440,LA060689-0153,9.336216,0.9949121444410675,1,10
1196,440,LA060689-0153,9.336216,0.9537386253435635,1,15
1197,440,LA060689-0153,9.336216,0.8912941711907935,1,20
1198,440,LA060689-0153,9.336216,0.935846880644713,1,25
1199,440,LA060689-0153,9.336216,0.938484105749621,1,30
1200,441,FBIS4-67664,15.223649,0.9999999999999998,1,5
1201,441,FBIS4-67664,15.223649,0.9677496341326127,1,10
1202,441,FBIS4-67664,15.223649,0.9437595838023897,1,15
1203,441,FBIS4-67664,15.223649,0.9026512931447874,1,20
1204,441,FBIS4-67664,15.223649,0.911060298102981,1,25
1205,441,FBIS4-67664,15.223649,0.8895226765105525,1,30
1206,441,LA073090-0058,15.223649,0.9999999999999998,0,5
1207,441,LA073090-0058,15.223649,0.9297747861855993,0,10
1208,441,LA073090-0058,15.223649,0.952442409103525,0,15
1209,441,LA073090-0058,15.223649,0.9068772982606538,0,20
1210,441,LA073090-0058,15.223649,0.9474006045995483,0,25
1211,441,LA073090-0058,15.223649,0.9205807959529985,0,30
1212,441,LA092090-0248,15.070203,0.9999999999999998,1,5
1213,441,LA092090-0248,15.070203,0.9506049506049505,1,10
1214,441,LA092090-0248,15.070203,0.9781397010659204,1,15
1215,441,LA092090-0248,15.070203,0.9266532978292077,1,20
1216,441,LA092090-0248,15.070203,0.9419357078386446,1,25
1217,441,LA092090-0248,15.070203,0.919072116189215,1,30
1218,441,LA092690-0153,15.615651,0.9999999999999998,0,5
1219,441,LA092690-0153,15.615651,0.9199408221494241,0,10
1220,441,LA092690-0153,15.615651,0.954463682513946,0,15
1221,441,LA092690-0153,15.615651,0.9563693384251062,0,20
1222,441,LA092690-0153,15.615651,0.8798105982905982,0,25
1223,441,LA092690-0153,15.615651,0.8699662600632285,0,30
1224,441,LA112690-0027,15.628166,0.9999999999999998,1,5
1225,441,LA112690-0027,15.628166,0.9990891103893678,1,10
1226,441,LA112690-0027,15.628166,0.9942701416998652,1,15
1227,441,LA112690-0027,15.628166,0.9650672530485191,1,20
1228,441,LA112690-0027,15.628166,0.9310356403114062,1,25
1229,441,LA112690-0027,15.628166,0.9292839559440478,1,30
1230,442,FBIS3-32664,8.1055975,0.9999999999999998,0,5
1231,442,FBIS3-32664,8.1055975,0.9992810373603799,0,10
1232,442,FBIS3-32664,8.1055975,0.9591429128702388,0,15
1233,442,FBIS3-32664,8.1055975,0.9560409675528,0,20
1234,442,FBIS3-32664,8.1055975,0.9411065038777547,0,25
1235,442,FBIS3-32664,8.1055975,0.9505094043887147,0,30
1236,442,FT941-7537,7.917472,0.9999999999999998,0,5
1237,442,FT941-7537,7.917472,0.9699220147384988,0,10
1238,442,FT941-7537,7.917472,0.924280716784465,0,15
1239,442,FT941-7537,7.917472,0.9336585365853659,0,20
1240,442,FT941-7537,7.917472,0.9461781345565748,0,25
1241,442,FT941-7537,7.917472,0.9285109286463664,0,30
1242,442,LA050489-0087,8.492267,0.9999999999999999,0,5
1243,442,LA050489-0087,8.492267,0.9356666434265262,0,10
1244,442,LA050489-0087,8.492267,0.9736651417323686,0,15
1245,442,LA050489-0087,8.492267,0.9547809950407935,0,20
1246,442,LA050489-0087,8.492267,0.8868795998570915,0,25
1247,442,LA050489-0087,8.492267,0.9141691178004464,0,30
1248,442,LA121090-0007,8.473166,0.9999999999999998,0,5
1249,442,LA121090-0007,8.473166,0.9997811388595771,0,10
1250,442,LA121090-0007,8.473166,0.9683501911302054,0,15
1251,442,LA121090-0007,8.473166,0.9463766669577475,0,20
1252,442,LA121090-0007,8.473166,0.9497622660596863,0,25
1253,442,LA121090-0007,8.473166,0.9593212072844967,0,30
1254,442,LA121789-0069,7.4189825,0.9999999999999998,0,5
1255,442,LA121789-0069,7.4189825,0.950423033756367,0,10
1256,442,LA121789-0069,7.4189825,0.9399389956290682,0,15
1257,442,LA121789-0069,7.4189825,0.9493193244736553,0,20
1258,442,LA121789-0069,7.4189825,0.9181367856106758,0,25
1259,442,LA121789-0069,7.4189825,0.9316621355188066,0,30
1260,443,FBIS4-29593,8.465351,0.9999999999999998,0,5
1261,443,FBIS4-29593,8.465351,0.9779691351771181,0,10
1262,443,FBIS4-29593,8.465351,0.9632016210739615,0,15
1263,443,FBIS4-29593,8.465351,0.9365029595264757,0,20
1264,443,FBIS4-29593,8.465351,0.9209918147881776,0,25
1265,443,FBIS4-29593,8.465351,0.907625478927203,0,30
1266,443,FBIS4-3998,8.766646,0.9999999999999998,1,5
1267,443,FBIS4-3998,8.766646,0.982503260371506,1,10
1268,443,FBIS4-3998,8.766646,0.9414774401332969,1,15
1269,443,FBIS4-3998,8.766646,0.9166487414187644,1,20
1270,443,FBIS4-3998,8.766646,0.8970253517202952,1,25
1271,443,FBIS4-3998,8.766646,0.9165917747571166,1,30
1272,443,FBIS4-48293,8.132986,0.9999999999999998,0,5
1273,443,FBIS4-48293,8.132986,0.6700724872876771,0,10
1274,443,FBIS4-48293,8.132986,0.8314397103870789,0,15
1275,443,FBIS4-48293,8.132986,0.7186899210050441,0,20
1276,443,FBIS4-48293,8.132986,0.6542634235888022,0,25
1277,443,FBIS4-48293,8.132986,0.7801145265726607,0,30
1278,443,LA042789-0136,8.506839,0.9999999999999998,1,5
1279,443,LA042789-0136,8.506839,0.9882904245709122,1,10
1280,443,LA042789-0136,8.506839,0.8962593770384868,1,15
1281,443,LA042789-0136,8.506839,0.9323377147781856,1,20
1282,443,LA042789-0136,8.506839,0.9237111007895958,1,25
1283,443,LA042789-0136,8.506839,0.908440897092141,1,30
1284,443,LA060889-0154,8.339059,0.9999999999999998,0,5
1285,443,LA060889-0154,8.339059,0.9622334455667788,0,10
1286,443,LA060889-0154,8.339059,0.8854608354608355,0,15
1287,443,LA060889-0154,8.339059,0.9080009195200981,0,20
1288,443,LA060889-0154,8.339059,0.9086636353554395,0,25
1289,443,LA060889-0154,8.339059,0.8610656821317489,0,30
1290,444,FBIS4-44747,15.422307,0.9999999999999998,1,5
1291,444,FBIS4-44747,15.422307,0.9924708165653451,1,10
1292,444,FBIS4-44747,15.422307,0.9778754206308858,1,15
1293,444,FBIS4-44747,15.422307,0.923740625207407,1,20
1294,444,FBIS4-44747,15.422307,0.9436210294001732,1,25
1295,444,FBIS4-44747,15.422307,0.8718696496321326,1,30
1296,444,FBIS4-45803,16.028015,0.9999999999999998,1,5
1297,444,FBIS4-45803,16.028015,0.9562126397444672,1,10
1298,444,FBIS4-45803,16.028015,0.9705967276227142,1,15
1299,444,FBIS4-45803,16.028015,0.9145780613928925,1,20
1300,444,FBIS4-45803,16.028015,0.9106545165256381,1,25
1301,444,FBIS4-45803,16.028015,0.8916025152767815,1,30
1302,444,FR940318-0-00170,14.273998,0.9999999999999998,1,5
1303,444,FR940318-0-00170,14.273998,0.9140982218458933,1,10
1304,444,FR940318-0-00170,14.273998,0.9531318639703098,1,15
1305,444,FR940318-0-00170,14.273998,0.9355898999905389,1,20
1306,444,FR940318-0-00170,14.273998,0.940148496380867,1,25
1307,444,FR940318-0-00170,14.273998,0.9342934815935245,1,30
1308,444,FR940318-0-00213,14.273998,0.9999999999999998,1,5
1309,444,FR940318-0-00213,14.273998,0.9295658305631105,1,10
1310,444,FR940318-0-00213,14.273998,0.9437887601689656,1,15
1311,444,FR940318-0-00213,14.273998,0.9582656740421779,1,20
1312,444,FR940318-0-00213,14.273998,0.9240901807341156,1,25
1313,444,FR940318-0-00213,14.273998,0.9660925333704116,1,30
1314,444,FT943-4354,14.813602,0.9997914929107588,1,5
1315,444,FT943-4354,14.813602,0.8823311790117189,1,10
1316,444,FT943-4354,14.813602,0.9467235004641081,1,15
1317,444,FT943-4354,14.813602,0.9371473797275143,1,20
1318,444,FT943-4354,14.813602,0.923877003297293,1,25
1319,444,FT943-4354,14.813602,0.9036581167919743,1,30
1320,445,FT931-11616,12.182492,0.9999999999999998,1,5
1321,445,FT931-11616,12.182492,0.9449392712550606,1,10
1322,445,FT931-11616,12.182492,0.9789319483286721,1,15
1323,445,FT931-11616,12.182492,0.9169065520945221,1,20
1324,445,FT931-11616,12.182492,0.8905413217711206,1,25
1325,445,FT931-11616,12.182492,0.8659341920175867,1,30
1326,445,FT942-2917,11.761932,0.9999999999999998,1,5
1327,445,FT942-2917,11.761932,0.9967212333500131,1,10
1328,445,FT942-2917,11.761932,0.9534150218895981,1,15
1329,445,FT942-2917,11.761932,0.9280767391487807,1,20
1330,445,FT942-2917,11.761932,0.9242444349315068,1,25
1331,445,FT942-2917,11.761932,0.9193737044899346,1,30
1332,445,LA102790-0157,11.761932,0.9999999999999998,0,5
1333,445,LA102790-0157,11.761932,0.9877168662045787,0,10
1334,445,LA102790-0157,11.761932,0.9104199718907072,0,15
1335,445,LA102790-0157,11.761932,0.9040627500849603,0,20
1336,445,LA102790-0157,11.761932,0.8941693605320847,0,25
1337,445,LA102790-0157,11.761932,0.8500414065099292,0,30
1338,445,LA110789-0149,11.703853,0.9999999999999998,1,5
1339,445,LA110789-0149,11.703853,0.9992450638792101,1,10
1340,445,LA110789-0149,11.703853,0.9624713631156929,1,15
1341,445,LA110789-0149,11.703853,0.9242839657282742,1,20
1342,445,LA110789-0149,11.703853,0.9042002265938819,1,25
1343,445,LA110789-0149,11.703853,0.8706733768762955,1,30
1344,445,LA121790-0116,11.523384,0.9999999999999998,0,5
1345,445,LA121790-0116,11.523384,0.9730785039046442,0,10
1346,445,LA121790-0116,11.523384,0.9897344930783554,0,15
1347,445,LA121790-0116,11.523384,0.9406411841657258,0,20
1348,445,LA121790-0116,11.523384,0.9383057577763069,0,25
1349,445,LA121790-0116,11.523384,0.9311942862518735,0,30
1350,446,FBIS4-10911,9.289269,0.9999999999999998,1,5
1351,446,FBIS4-10911,9.289269,0.9979575786174935,1,10
1352,446,FBIS4-10911,9.289269,0.9620130102223176,1,15
1353,446,FBIS4-10911,9.289269,0.8869498881716206,1,20
1354,446,FBIS4-10911,9.289269,0.9475089365504914,1,25
1355,446,FBIS4-10911,9.289269,0.9345346548898102,1,30
1356,446,FBIS4-56591,9.475318,0.9999999999999998,1,5
1357,446,FBIS4-56591,9.475318,0.9095660467334287,1,10
1358,446,FBIS4-56591,9.475318,0.9329771855948714,1,15
1359,446,FBIS4-56591,9.475318,0.9397816515018466,1,20
1360,446,FBIS4-56591,9.475318,0.877859205901799,1,25
1361,446,FBIS4-56591,9.475318,0.9405310793627046,1,30
1362,446,FT924-8062,9.588725,0.9716340391530162,1,5
1363,446,FT924-8062,9.588725,0.949474871361105,1,10
1364,446,FT924-8062,9.588725,0.9719036209561149,1,15
1365,446,FT924-8062,9.588725,0.9078679863572526,1,20
1366,446,FT924-8062,9.588725,0.9168659363588939,1,25
1367,446,FT924-8062,9.588725,0.9119200618551362,1,30
1368,446,FT941-11012,9.375123,0.9999999999999998,0,5
1369,446,FT941-11012,9.375123,0.9688940092165899,0,10
1370,446,FT941-11012,9.375123,0.9327546508547792,0,15
1371,446,FT941-11012,9.375123,0.8939346330548216,0,20
1372,446,FT941-11012,9.375123,0.9249013943867908,0,25
1373,446,FT941-11012,9.375123,0.8747353595929309,0,30
1374,446,FT943-11047,9.262163,0.9999999999999999,1,5
1375,446,FT943-11047,9.262163,0.9788581225486741,1,10
1376,446,FT943-11047,9.262163,0.9404956040273811,1,15
1377,446,FT943-11047,9.262163,0.94822731535488,1,20
1378,446,FT943-11047,9.262163,0.91530296639955,1,25
1379,446,FT943-11047,9.262163,0.9124328752616304,1,30
1380,447,FBIS3-24505,9.536487,0.9999999999999998,1,5
1381,447,FBIS3-24505,9.536487,0.9294983591186121,1,10
1382,447,FBIS3-24505,9.536487,0.9786033576232849,1,15
1383,447,FBIS3-24505,9.536487,0.920478248043452,1,20
1384,447,FBIS3-24505,9.536487,0.867844064638647,1,25
1385,447,FBIS3-24505,9.536487,0.8435108929074988,1,30
1386,447,FT921-13537,9.823916,0.9999999999999998,0,5
1387,447,FT921-13537,9.823916,0.9933573935583089,0,10
1388,447,FT921-13537,9.823916,0.9608355564075122,0,15
1389,447,FT921-13537,9.823916,0.9513362016549792,0,20
1390,447,FT921-13537,9.823916,0.9207764009211535,0,25
1391,447,FT921-13537,9.823916,0.9023381974428457,0,30
1392,447,FT922-334,11.604546,0.9999999999999998,0,5
1393,447,FT922-334,11.604546,0.993687457085289,0,10
1394,447,FT922-334,11.604546,0.9189596206078077,0,15
1395,447,FT922-334,11.604546,0.9147204114075986,0,20
1396,447,FT922-334,11.604546,0.9039521443779781,0,25
1397,447,FT922-334,11.604546,0.8931604705915278,0,30
1398,447,FT922-578,11.16242,0.9999999999999998,0,5
1399,447,FT922-578,11.16242,0.9998543421315382,0,10
1400,447,FT922-578,11.16242,0.9146561965166616,0,15
1401,447,FT922-578,11.16242,0.9116011901008375,0,20
1402,447,FT922-578,11.16242,0.9419263869678806,0,25
1403,447,FT922-578,11.16242,0.9153003565406547,0,30
1404,447,LA060990-0066,9.386312,0.9999999999999998,0,5
1405,447,LA060990-0066,9.386312,0.9971813777720949,0,10
1406,447,LA060990-0066,9.386312,0.9648280636972075,0,15
1407,447,LA060990-0066,9.386312,0.958286396789116,0,20
1408,447,LA060990-0066,9.386312,0.9286126518035163,0,25
1409,447,LA060990-0066,9.386312,0.9194601090875474,0,30
1410,448,FT921-12138,8.071614,0.9999999999999998,0,5
1411,448,FT921-12138,8.071614,0.98147534248516,0,10
1412,448,FT921-12138,8.071614,0.9518108536764827,0,15
1413,448,FT921-12138,8.071614,0.904645969019539,0,20
1414,448,FT921-12138,8.071614,0.8974388591800354,0,25
1415,448,FT921-12138,8.071614,0.8821605836692046,0,30
1416,448,FT921-6247,8.245427,0.9999999999999998,0,5
1417,448,FT921-6247,8.245427,0.9860557657278967,0,10
1418,448,FT921-6247,8.245427,0.9597381323379166,0,15
1419,448,FT921-6247,8.245427,0.9017899403353221,0,20
1420,448,FT921-6247,8.245427,0.8848859649122806,0,25
1421,448,FT921-6247,8.245427,0.9422205391813173,0,30
1422,448,FT931-11047,8.245427,0.9708060080389251,0,5
1423,448,FT931-11047,8.245427,0.8959814975426423,0,10
1424,448,FT931-11047,8.245427,0.8982293914175143,0,15
1425,448,FT931-11047,8.245427,0.9448737964408542,0,20
1426,448,FT931-11047,8.245427,0.8780702120264163,0,25
1427,448,FT931-11047,8.245427,0.8812268521845791,0,30
1428,448,FT934-3853,8.624012,0.9999999999999998,0,5
1429,448,FT934-3853,8.624012,0.9360702213499071,0,10
1430,448,FT934-3853,8.624012,0.8948550354796753,0,15
1431,448,FT934-3853,8.624012,0.9196686013326024,0,20
1432,448,FT934-3853,8.624012,0.9386089367253749,0,25
1433,448,FT934-3853,8.624012,0.9188966546961681,0,30
1434,448,FT944-16365,8.302617,0.9999999999999998,0,5
1435,448,FT944-16365,8.302617,0.9782939098790537,0,10
1436,448,FT944-16365,8.302617,0.95428871568324,0,15
1437,448,FT944-16365,8.302617,0.9223326794560627,0,20
1438,448,FT944-16365,8.302617,0.9195927536231883,0,25
1439,448,FT944-16365,8.302617,0.9251603253631652,0,30
1440,449,FR940523-0-00038,12.227402,0.9999999999999998,0,5
1441,449,FR940523-0-00038,12.227402,0.9954229616880217,0,10
1442,449,FR940523-0-00038,12.227402,0.921491193594198,0,15
1443,449,FR940523-0-00038,12.227402,0.921880959191457,0,20
1444,449,FR940523-0-00038,12.227402,0.9052067492215221,0,25
1445,449,FR940523-0-00038,12.227402,0.8853488422883675,0,30
1446,449,FT934-6703,12.121614,0.9999999999999998,0,5
1447,449,FT934-6703,12.121614,0.9759816420193776,0,10
1448,449,FT934-6703,12.121614,0.9984758950115724,0,15
1449,449,FT934-6703,12.121614,0.9384652245765575,0,20
1450,449,FT934-6703,12.121614,0.9403134820265194,0,25
1451,449,FT934-6703,12.121614,0.9037599844145723,0,30
1452,449,LA010790-0029,10.655716,0.9999999999999998,0,5
1453,449,LA010790-0029,10.655716,0.9729627699612066,0,10
1454,449,LA010790-0029,10.655716,0.9552590727921124,0,15
1455,449,LA010790-0029,10.655716,0.9408973776928045,0,20
1456,449,LA010790-0029,10.655716,0.8789277539341916,0,25
1457,449,LA010790-0029,10.655716,0.9025249321567582,0,30
1458,449,LA052190-0106,10.972245,0.9994518295189803,0,5
1459,449,LA052190-0106,10.972245,0.9897987373996825,0,10
1460,449,LA052190-0106,10.972245,0.949300133642822,0,15
1461,449,LA052190-0106,10.972245,0.9259888920473183,0,20
1462,449,LA052190-0106,10.972245,0.9008565457224106,0,25
1463,449,LA052190-0106,10.972245,0.9027193661148988,0,30
1464,449,LA060590-0014,10.285263,0.9999999999999998,0,5
1465,449,LA060590-0014,10.285263,0.9989351202534933,0,10
1466,449,LA060590-0014,10.285263,0.9309123410674892,0,15
1467,449,LA060590-0014,10.285263,0.9062818336162988,0,20
1468,449,LA060590-0014,10.285263,0.9083408466190213,0,25
1469,449,LA060590-0014,10.285263,0.8910173618000468,0,30
